<?xml version="1.0" encoding="UTF-8"?>
<point_cloud version="1.2.0">
  <tracks path="tracks.ply" count="53222"/>
  <points path="points.ply" count="48078"/>
  <projections camera_id="0" path="p0.ply" count="4093"/>
  <projections camera_id="1" path="p1.ply" count="4118"/>
  <projections camera_id="2" path="p2.ply" count="4027"/>
  <projections camera_id="3" path="p3.ply" count="3465"/>
  <projections camera_id="4" path="p4.ply" count="2913"/>
  <projections camera_id="5" path="p5.ply" count="2316"/>
  <projections camera_id="6" path="p6.ply" count="2582"/>
  <projections camera_id="7" path="p7.ply" count="2074"/>
  <projections camera_id="8" path="p8.ply" count="3176"/>
  <projections camera_id="9" path="p9.ply" count="3784"/>
  <projections camera_id="10" path="p10.ply" count="4413"/>
  <projections camera_id="11" path="p11.ply" count="3048"/>
  <projections camera_id="12" path="p12.ply" count="1720"/>
  <projections camera_id="13" path="p13.ply" count="1818"/>
  <projections camera_id="14" path="p14.ply" count="2198"/>
  <projections camera_id="15" path="p15.ply" count="2400"/>
  <projections camera_id="16" path="p16.ply" count="3747"/>
  <projections camera_id="17" path="p17.ply" count="2759"/>
  <projections camera_id="18" path="p18.ply" count="3057"/>
  <projections camera_id="19" path="p19.ply" count="3958"/>
  <projections camera_id="20" path="p20.ply" count="4021"/>
  <projections camera_id="21" path="p21.ply" count="1232"/>
  <projections camera_id="22" path="p22.ply" count="1394"/>
  <projections camera_id="23" path="p23.ply" count="1739"/>
  <projections camera_id="24" path="p24.ply" count="1538"/>
  <projections camera_id="25" path="p25.ply" count="581"/>
  <projections camera_id="26" path="p26.ply" count="1258"/>
  <projections camera_id="27" path="p27.ply" count="1660"/>
  <projections camera_id="28" path="p28.ply" count="1900"/>
  <projections camera_id="29" path="p29.ply" count="1956"/>
  <projections camera_id="30" path="p30.ply" count="1117"/>
  <projections camera_id="31" path="p31.ply" count="162"/>
  <projections camera_id="32" path="p32.ply" count="686"/>
  <projections camera_id="33" path="p33.ply" count="1491"/>
  <projections camera_id="34" path="p34.ply" count="548"/>
  <projections camera_id="35" path="p35.ply" count="2720"/>
  <projections camera_id="36" path="p36.ply" count="1800"/>
  <projections camera_id="37" path="p37.ply" count="84"/>
  <projections camera_id="38" path="p38.ply" count="669"/>
  <projections camera_id="39" path="p39.ply" count="886"/>
  <projections camera_id="40" path="p40.ply" count="763"/>
  <projections camera_id="41" path="p41.ply" count="486"/>
  <projections camera_id="42" path="p42.ply" count="891"/>
  <projections camera_id="43" path="p43.ply" count="949"/>
  <projections camera_id="44" path="p44.ply" count="1611"/>
  <projections camera_id="45" path="p45.ply" count="1756"/>
  <projections camera_id="46" path="p46.ply" count="1170"/>
  <projections camera_id="47" path="p47.ply" count="392"/>
  <projections camera_id="48" path="p48.ply" count="1213"/>
  <projections camera_id="49" path="p49.ply" count="1662"/>
  <projections camera_id="50" path="p50.ply" count="1543"/>
  <projections camera_id="51" path="p51.ply" count="292"/>
  <projections camera_id="52" path="p52.ply" count="878"/>
  <projections camera_id="53" path="p53.ply" count="995"/>
  <projections camera_id="54" path="p54.ply" count="788"/>
  <projections camera_id="55" path="p55.ply" count="503"/>
  <projections camera_id="56" path="p56.ply" count="172"/>
  <projections camera_id="57" path="p57.ply" count="748"/>
  <projections camera_id="58" path="p58.ply" count="887"/>
  <projections camera_id="59" path="p59.ply" count="1337"/>
  <projections camera_id="60" path="p60.ply" count="1834"/>
  <projections camera_id="61" path="p61.ply" count="1629"/>
  <projections camera_id="62" path="p62.ply" count="2098"/>
  <projections camera_id="63" path="p63.ply" count="1576"/>
  <projections camera_id="64" path="p64.ply" count="1380"/>
  <projections camera_id="65" path="p65.ply" count="1976"/>
  <projections camera_id="66" path="p66.ply" count="1313"/>
  <projections camera_id="67" path="p67.ply" count="1047"/>
  <projections camera_id="68" path="p68.ply" count="925"/>
  <projections camera_id="69" path="p69.ply" count="1637"/>
  <projections camera_id="70" path="p70.ply" count="700"/>
  <projections camera_id="71" path="p71.ply" count="395"/>
  <projections camera_id="72" path="p72.ply" count="1018"/>
  <projections camera_id="73" path="p73.ply" count="850"/>
  <projections camera_id="74" path="p74.ply" count="1528"/>
  <projections camera_id="75" path="p75.ply" count="1944"/>
  <projections camera_id="76" path="p76.ply" count="1257"/>
  <projections camera_id="77" path="p77.ply" count="1268"/>
  <projections camera_id="78" path="p78.ply" count="1181"/>
  <projections camera_id="79" path="p79.ply" count="565"/>
  <projections camera_id="80" path="p80.ply" count="1468"/>
  <meta>
    <property name="match/duration" value="178.149"/>
    <property name="match/match_downscale" value="2"/>
    <property name="match/match_filter_mask" value="false"/>
    <property name="match/match_point_limit" value="40000"/>
    <property name="match/match_select_pairs" value="1"/>
    <property name="match/match_tiepoint_limit" value="4000"/>
  </meta>
</point_cloud>
