<?xml version="1.0" encoding="UTF-8"?>
<frame>
  <cameras>
    <camera camera_id="0">
      <photo path="../../../DSC00584.JPG">
        <meta>
          <property name="Exif/DateTime" value="2018:01:17 18:02:08"/>
          <property name="Exif/DateTimeOriginal" value="2018:01:17 18:02:08"/>
          <property name="Exif/ExposureTime" value="0.05"/>
          <property name="Exif/FNumber" value="4"/>
          <property name="Exif/FocalLength" value="16"/>
          <property name="Exif/FocalLengthIn35mmFilm" value="24"/>
          <property name="Exif/ISOSpeedRatings" value="1000"/>
          <property name="Exif/Make" value="SONY"/>
          <property name="Exif/Model" value="ILCE-5000"/>
          <property name="Exif/Orientation" value="1"/>
          <property name="Exif/Software" value="ILCE-5000 v1.10"/>
          <property name="File/ImageHeight" value="3632"/>
          <property name="File/ImageWidth" value="5456"/>
          <property name="System/FileModifyDate" value="2018:01:17 18:02:08"/>
          <property name="System/FileSize" value="3342336"/>
        </meta>
      </photo>
    </camera>
    <camera camera_id="1">
      <photo path="../../../DSC00585.JPG">
        <meta>
          <property name="Exif/DateTime" value="2018:01:17 18:02:11"/>
          <property name="Exif/DateTimeOriginal" value="2018:01:17 18:02:11"/>
          <property name="Exif/ExposureTime" value="0.05"/>
          <property name="Exif/FNumber" value="4"/>
          <property name="Exif/FocalLength" value="16"/>
          <property name="Exif/FocalLengthIn35mmFilm" value="24"/>
          <property name="Exif/ISOSpeedRatings" value="1000"/>
          <property name="Exif/Make" value="SONY"/>
          <property name="Exif/Model" value="ILCE-5000"/>
          <property name="Exif/Orientation" value="1"/>
          <property name="Exif/Software" value="ILCE-5000 v1.10"/>
          <property name="File/ImageHeight" value="3632"/>
          <property name="File/ImageWidth" value="5456"/>
          <property name="System/FileModifyDate" value="2018:01:17 18:02:10"/>
          <property name="System/FileSize" value="3342336"/>
        </meta>
      </photo>
    </camera>
    <camera camera_id="2">
      <photo path="../../../DSC00586.JPG">
        <meta>
          <property name="Exif/DateTime" value="2018:01:17 18:02:15"/>
          <property name="Exif/DateTimeOriginal" value="2018:01:17 18:02:15"/>
          <property name="Exif/ExposureTime" value="0.05"/>
          <property name="Exif/FNumber" value="4"/>
          <property name="Exif/FocalLength" value="16"/>
          <property name="Exif/FocalLengthIn35mmFilm" value="24"/>
          <property name="Exif/ISOSpeedRatings" value="1000"/>
          <property name="Exif/Make" value="SONY"/>
          <property name="Exif/Model" value="ILCE-5000"/>
          <property name="Exif/Orientation" value="1"/>
          <property name="Exif/Software" value="ILCE-5000 v1.10"/>
          <property name="File/ImageHeight" value="3632"/>
          <property name="File/ImageWidth" value="5456"/>
          <property name="System/FileModifyDate" value="2018:01:17 18:02:14"/>
          <property name="System/FileSize" value="3407872"/>
        </meta>
      </photo>
    </camera>
    <camera camera_id="3">
      <photo path="../../../DSC00587.JPG">
        <meta>
          <property name="Exif/DateTime" value="2018:01:17 18:02:19"/>
          <property name="Exif/DateTimeOriginal" value="2018:01:17 18:02:19"/>
          <property name="Exif/ExposureTime" value="0.05"/>
          <property name="Exif/FNumber" value="4"/>
          <property name="Exif/FocalLength" value="16"/>
          <property name="Exif/FocalLengthIn35mmFilm" value="24"/>
          <property name="Exif/ISOSpeedRatings" value="1000"/>
          <property name="Exif/Make" value="SONY"/>
          <property name="Exif/Model" value="ILCE-5000"/>
          <property name="Exif/Orientation" value="1"/>
          <property name="Exif/Software" value="ILCE-5000 v1.10"/>
          <property name="File/ImageHeight" value="3632"/>
          <property name="File/ImageWidth" value="5456"/>
          <property name="System/FileModifyDate" value="2018:01:17 18:02:18"/>
          <property name="System/FileSize" value="3276800"/>
        </meta>
      </photo>
    </camera>
    <camera camera_id="4">
      <photo path="../../../DSC00588.JPG">
        <meta>
          <property name="Exif/DateTime" value="2018:01:17 18:02:22"/>
          <property name="Exif/DateTimeOriginal" value="2018:01:17 18:02:22"/>
          <property name="Exif/ExposureTime" value="0.05"/>
          <property name="Exif/FNumber" value="4"/>
          <property name="Exif/FocalLength" value="16"/>
          <property name="Exif/FocalLengthIn35mmFilm" value="24"/>
          <property name="Exif/ISOSpeedRatings" value="1000"/>
          <property name="Exif/Make" value="SONY"/>
          <property name="Exif/Model" value="ILCE-5000"/>
          <property name="Exif/Orientation" value="1"/>
          <property name="Exif/Software" value="ILCE-5000 v1.10"/>
          <property name="File/ImageHeight" value="3632"/>
          <property name="File/ImageWidth" value="5456"/>
          <property name="System/FileModifyDate" value="2018:01:17 18:02:22"/>
          <property name="System/FileSize" value="3342336"/>
        </meta>
      </photo>
    </camera>
    <camera camera_id="5">
      <photo path="../../../DSC00589.JPG">
        <meta>
          <property name="Exif/DateTime" value="2018:01:17 18:02:26"/>
          <property name="Exif/DateTimeOriginal" value="2018:01:17 18:02:26"/>
          <property name="Exif/ExposureTime" value="0.05"/>
          <property name="Exif/FNumber" value="4"/>
          <property name="Exif/FocalLength" value="16"/>
          <property name="Exif/FocalLengthIn35mmFilm" value="24"/>
          <property name="Exif/ISOSpeedRatings" value="1000"/>
          <property name="Exif/Make" value="SONY"/>
          <property name="Exif/Model" value="ILCE-5000"/>
          <property name="Exif/Orientation" value="1"/>
          <property name="Exif/Software" value="ILCE-5000 v1.10"/>
          <property name="File/ImageHeight" value="3632"/>
          <property name="File/ImageWidth" value="5456"/>
          <property name="System/FileModifyDate" value="2018:01:17 18:02:26"/>
          <property name="System/FileSize" value="3309568"/>
        </meta>
      </photo>
    </camera>
    <camera camera_id="6">
      <photo path="../../../DSC00590.JPG">
        <meta>
          <property name="Exif/DateTime" value="2018:01:17 18:02:30"/>
          <property name="Exif/DateTimeOriginal" value="2018:01:17 18:02:30"/>
          <property name="Exif/ExposureTime" value="0.05"/>
          <property name="Exif/FNumber" value="4"/>
          <property name="Exif/FocalLength" value="16"/>
          <property name="Exif/FocalLengthIn35mmFilm" value="24"/>
          <property name="Exif/ISOSpeedRatings" value="1000"/>
          <property name="Exif/Make" value="SONY"/>
          <property name="Exif/Model" value="ILCE-5000"/>
          <property name="Exif/Orientation" value="1"/>
          <property name="Exif/Software" value="ILCE-5000 v1.10"/>
          <property name="File/ImageHeight" value="3632"/>
          <property name="File/ImageWidth" value="5456"/>
          <property name="System/FileModifyDate" value="2018:01:17 18:02:30"/>
          <property name="System/FileSize" value="3473408"/>
        </meta>
      </photo>
    </camera>
    <camera camera_id="7">
      <photo path="../../../DSC00591.JPG">
        <meta>
          <property name="Exif/DateTime" value="2018:01:17 18:02:40"/>
          <property name="Exif/DateTimeOriginal" value="2018:01:17 18:02:40"/>
          <property name="Exif/ExposureTime" value="0.05"/>
          <property name="Exif/FNumber" value="4"/>
          <property name="Exif/FocalLength" value="16"/>
          <property name="Exif/FocalLengthIn35mmFilm" value="24"/>
          <property name="Exif/ISOSpeedRatings" value="1000"/>
          <property name="Exif/Make" value="SONY"/>
          <property name="Exif/Model" value="ILCE-5000"/>
          <property name="Exif/Orientation" value="1"/>
          <property name="Exif/Software" value="ILCE-5000 v1.10"/>
          <property name="File/ImageHeight" value="3632"/>
          <property name="File/ImageWidth" value="5456"/>
          <property name="System/FileModifyDate" value="2018:01:17 18:02:40"/>
          <property name="System/FileSize" value="3309568"/>
        </meta>
      </photo>
    </camera>
    <camera camera_id="8">
      <photo path="../../../DSC00592.JPG">
        <meta>
          <property name="Exif/DateTime" value="2018:01:17 18:02:45"/>
          <property name="Exif/DateTimeOriginal" value="2018:01:17 18:02:45"/>
          <property name="Exif/ExposureTime" value="0.05"/>
          <property name="Exif/FNumber" value="4"/>
          <property name="Exif/FocalLength" value="16"/>
          <property name="Exif/FocalLengthIn35mmFilm" value="24"/>
          <property name="Exif/ISOSpeedRatings" value="1000"/>
          <property name="Exif/Make" value="SONY"/>
          <property name="Exif/Model" value="ILCE-5000"/>
          <property name="Exif/Orientation" value="1"/>
          <property name="Exif/Software" value="ILCE-5000 v1.10"/>
          <property name="File/ImageHeight" value="3632"/>
          <property name="File/ImageWidth" value="5456"/>
          <property name="System/FileModifyDate" value="2018:01:17 18:02:44"/>
          <property name="System/FileSize" value="3506176"/>
        </meta>
      </photo>
    </camera>
    <camera camera_id="9">
      <photo path="../../../DSC00593.JPG">
        <meta>
          <property name="Exif/DateTime" value="2018:01:17 18:02:51"/>
          <property name="Exif/DateTimeOriginal" value="2018:01:17 18:02:51"/>
          <property name="Exif/ExposureTime" value="0.05"/>
          <property name="Exif/FNumber" value="4"/>
          <property name="Exif/FocalLength" value="16"/>
          <property name="Exif/FocalLengthIn35mmFilm" value="24"/>
          <property name="Exif/ISOSpeedRatings" value="1000"/>
          <property name="Exif/Make" value="SONY"/>
          <property name="Exif/Model" value="ILCE-5000"/>
          <property name="Exif/Orientation" value="1"/>
          <property name="Exif/Software" value="ILCE-5000 v1.10"/>
          <property name="File/ImageHeight" value="3632"/>
          <property name="File/ImageWidth" value="5456"/>
          <property name="System/FileModifyDate" value="2018:01:17 18:02:50"/>
          <property name="System/FileSize" value="3604480"/>
        </meta>
      </photo>
    </camera>
    <camera camera_id="10">
      <photo path="../../../DSC00594.JPG">
        <meta>
          <property name="Exif/DateTime" value="2018:01:17 18:03:01"/>
          <property name="Exif/DateTimeOriginal" value="2018:01:17 18:03:01"/>
          <property name="Exif/ExposureTime" value="0.05"/>
          <property name="Exif/FNumber" value="4"/>
          <property name="Exif/FocalLength" value="16"/>
          <property name="Exif/FocalLengthIn35mmFilm" value="24"/>
          <property name="Exif/ISOSpeedRatings" value="1000"/>
          <property name="Exif/Make" value="SONY"/>
          <property name="Exif/Model" value="ILCE-5000"/>
          <property name="Exif/Orientation" value="1"/>
          <property name="Exif/Software" value="ILCE-5000 v1.10"/>
          <property name="File/ImageHeight" value="3632"/>
          <property name="File/ImageWidth" value="5456"/>
          <property name="System/FileModifyDate" value="2018:01:17 18:03:00"/>
          <property name="System/FileSize" value="3538944"/>
        </meta>
      </photo>
    </camera>
    <camera camera_id="11">
      <photo path="../../../DSC00595.JPG">
        <meta>
          <property name="Exif/DateTime" value="2018:01:17 18:03:04"/>
          <property name="Exif/DateTimeOriginal" value="2018:01:17 18:03:04"/>
          <property name="Exif/ExposureTime" value="0.05"/>
          <property name="Exif/FNumber" value="4"/>
          <property name="Exif/FocalLength" value="16"/>
          <property name="Exif/FocalLengthIn35mmFilm" value="24"/>
          <property name="Exif/ISOSpeedRatings" value="1000"/>
          <property name="Exif/Make" value="SONY"/>
          <property name="Exif/Model" value="ILCE-5000"/>
          <property name="Exif/Orientation" value="1"/>
          <property name="Exif/Software" value="ILCE-5000 v1.10"/>
          <property name="File/ImageHeight" value="3632"/>
          <property name="File/ImageWidth" value="5456"/>
          <property name="System/FileModifyDate" value="2018:01:17 18:03:04"/>
          <property name="System/FileSize" value="4227072"/>
        </meta>
      </photo>
    </camera>
    <camera camera_id="12">
      <photo path="../../../DSC00596.JPG">
        <meta>
          <property name="Exif/DateTime" value="2018:01:17 18:03:07"/>
          <property name="Exif/DateTimeOriginal" value="2018:01:17 18:03:07"/>
          <property name="Exif/ExposureTime" value="0.05"/>
          <property name="Exif/FNumber" value="4"/>
          <property name="Exif/FocalLength" value="16"/>
          <property name="Exif/FocalLengthIn35mmFilm" value="24"/>
          <property name="Exif/ISOSpeedRatings" value="1000"/>
          <property name="Exif/Make" value="SONY"/>
          <property name="Exif/Model" value="ILCE-5000"/>
          <property name="Exif/Orientation" value="1"/>
          <property name="Exif/Software" value="ILCE-5000 v1.10"/>
          <property name="File/ImageHeight" value="3632"/>
          <property name="File/ImageWidth" value="5456"/>
          <property name="System/FileModifyDate" value="2018:01:17 18:03:06"/>
          <property name="System/FileSize" value="3440640"/>
        </meta>
      </photo>
    </camera>
    <camera camera_id="13">
      <photo path="../../../DSC00597.JPG">
        <meta>
          <property name="Exif/DateTime" value="2018:01:17 18:03:11"/>
          <property name="Exif/DateTimeOriginal" value="2018:01:17 18:03:11"/>
          <property name="Exif/ExposureTime" value="0.05"/>
          <property name="Exif/FNumber" value="4"/>
          <property name="Exif/FocalLength" value="16"/>
          <property name="Exif/FocalLengthIn35mmFilm" value="24"/>
          <property name="Exif/ISOSpeedRatings" value="1000"/>
          <property name="Exif/Make" value="SONY"/>
          <property name="Exif/Model" value="ILCE-5000"/>
          <property name="Exif/Orientation" value="1"/>
          <property name="Exif/Software" value="ILCE-5000 v1.10"/>
          <property name="File/ImageHeight" value="3632"/>
          <property name="File/ImageWidth" value="5456"/>
          <property name="System/FileModifyDate" value="2018:01:17 18:03:10"/>
          <property name="System/FileSize" value="3506176"/>
        </meta>
      </photo>
    </camera>
    <camera camera_id="14">
      <photo path="../../../DSC00598.JPG">
        <meta>
          <property name="Exif/DateTime" value="2018:01:17 18:03:14"/>
          <property name="Exif/DateTimeOriginal" value="2018:01:17 18:03:14"/>
          <property name="Exif/ExposureTime" value="0.05"/>
          <property name="Exif/FNumber" value="4"/>
          <property name="Exif/FocalLength" value="16"/>
          <property name="Exif/FocalLengthIn35mmFilm" value="24"/>
          <property name="Exif/ISOSpeedRatings" value="1000"/>
          <property name="Exif/Make" value="SONY"/>
          <property name="Exif/Model" value="ILCE-5000"/>
          <property name="Exif/Orientation" value="1"/>
          <property name="Exif/Software" value="ILCE-5000 v1.10"/>
          <property name="File/ImageHeight" value="3632"/>
          <property name="File/ImageWidth" value="5456"/>
          <property name="System/FileModifyDate" value="2018:01:17 18:03:14"/>
          <property name="System/FileSize" value="3473408"/>
        </meta>
      </photo>
    </camera>
    <camera camera_id="15">
      <photo path="../../../DSC00599.JPG">
        <meta>
          <property name="Exif/DateTime" value="2018:01:17 18:03:18"/>
          <property name="Exif/DateTimeOriginal" value="2018:01:17 18:03:18"/>
          <property name="Exif/ExposureTime" value="0.05"/>
          <property name="Exif/FNumber" value="4"/>
          <property name="Exif/FocalLength" value="16"/>
          <property name="Exif/FocalLengthIn35mmFilm" value="24"/>
          <property name="Exif/ISOSpeedRatings" value="1000"/>
          <property name="Exif/Make" value="SONY"/>
          <property name="Exif/Model" value="ILCE-5000"/>
          <property name="Exif/Orientation" value="1"/>
          <property name="Exif/Software" value="ILCE-5000 v1.10"/>
          <property name="File/ImageHeight" value="3632"/>
          <property name="File/ImageWidth" value="5456"/>
          <property name="System/FileModifyDate" value="2018:01:17 18:03:18"/>
          <property name="System/FileSize" value="3473408"/>
        </meta>
      </photo>
    </camera>
    <camera camera_id="16">
      <photo path="../../../DSC00600.JPG">
        <meta>
          <property name="Exif/DateTime" value="2018:01:17 18:03:22"/>
          <property name="Exif/DateTimeOriginal" value="2018:01:17 18:03:22"/>
          <property name="Exif/ExposureTime" value="0.05"/>
          <property name="Exif/FNumber" value="4"/>
          <property name="Exif/FocalLength" value="16"/>
          <property name="Exif/FocalLengthIn35mmFilm" value="24"/>
          <property name="Exif/ISOSpeedRatings" value="1000"/>
          <property name="Exif/Make" value="SONY"/>
          <property name="Exif/Model" value="ILCE-5000"/>
          <property name="Exif/Orientation" value="1"/>
          <property name="Exif/Software" value="ILCE-5000 v1.10"/>
          <property name="File/ImageHeight" value="3632"/>
          <property name="File/ImageWidth" value="5456"/>
          <property name="System/FileModifyDate" value="2018:01:17 18:03:22"/>
          <property name="System/FileSize" value="3506176"/>
        </meta>
      </photo>
    </camera>
    <camera camera_id="17">
      <photo path="../../../DSC00601.JPG">
        <meta>
          <property name="Exif/DateTime" value="2018:01:17 18:03:25"/>
          <property name="Exif/DateTimeOriginal" value="2018:01:17 18:03:25"/>
          <property name="Exif/ExposureTime" value="0.05"/>
          <property name="Exif/FNumber" value="4"/>
          <property name="Exif/FocalLength" value="16"/>
          <property name="Exif/FocalLengthIn35mmFilm" value="24"/>
          <property name="Exif/ISOSpeedRatings" value="1000"/>
          <property name="Exif/Make" value="SONY"/>
          <property name="Exif/Model" value="ILCE-5000"/>
          <property name="Exif/Orientation" value="1"/>
          <property name="Exif/Software" value="ILCE-5000 v1.10"/>
          <property name="File/ImageHeight" value="3632"/>
          <property name="File/ImageWidth" value="5456"/>
          <property name="System/FileModifyDate" value="2018:01:17 18:03:24"/>
          <property name="System/FileSize" value="3244032"/>
        </meta>
      </photo>
    </camera>
    <camera camera_id="18">
      <photo path="../../../DSC00602.JPG">
        <meta>
          <property name="Exif/DateTime" value="2018:01:17 18:03:30"/>
          <property name="Exif/DateTimeOriginal" value="2018:01:17 18:03:30"/>
          <property name="Exif/ExposureTime" value="0.05"/>
          <property name="Exif/FNumber" value="4"/>
          <property name="Exif/FocalLength" value="16"/>
          <property name="Exif/FocalLengthIn35mmFilm" value="24"/>
          <property name="Exif/ISOSpeedRatings" value="1000"/>
          <property name="Exif/Make" value="SONY"/>
          <property name="Exif/Model" value="ILCE-5000"/>
          <property name="Exif/Orientation" value="1"/>
          <property name="Exif/Software" value="ILCE-5000 v1.10"/>
          <property name="File/ImageHeight" value="3632"/>
          <property name="File/ImageWidth" value="5456"/>
          <property name="System/FileModifyDate" value="2018:01:17 18:03:30"/>
          <property name="System/FileSize" value="3440640"/>
        </meta>
      </photo>
    </camera>
    <camera camera_id="19">
      <photo path="../../../DSC00603.JPG">
        <meta>
          <property name="Exif/DateTime" value="2018:01:17 18:03:33"/>
          <property name="Exif/DateTimeOriginal" value="2018:01:17 18:03:33"/>
          <property name="Exif/ExposureTime" value="0.05"/>
          <property name="Exif/FNumber" value="4"/>
          <property name="Exif/FocalLength" value="16"/>
          <property name="Exif/FocalLengthIn35mmFilm" value="24"/>
          <property name="Exif/ISOSpeedRatings" value="1000"/>
          <property name="Exif/Make" value="SONY"/>
          <property name="Exif/Model" value="ILCE-5000"/>
          <property name="Exif/Orientation" value="1"/>
          <property name="Exif/Software" value="ILCE-5000 v1.10"/>
          <property name="File/ImageHeight" value="3632"/>
          <property name="File/ImageWidth" value="5456"/>
          <property name="System/FileModifyDate" value="2018:01:17 18:03:32"/>
          <property name="System/FileSize" value="3506176"/>
        </meta>
      </photo>
    </camera>
    <camera camera_id="20">
      <photo path="../../../DSC00604.JPG">
        <meta>
          <property name="Exif/DateTime" value="2018:01:17 18:03:39"/>
          <property name="Exif/DateTimeOriginal" value="2018:01:17 18:03:39"/>
          <property name="Exif/ExposureTime" value="0.05"/>
          <property name="Exif/FNumber" value="4"/>
          <property name="Exif/FocalLength" value="16"/>
          <property name="Exif/FocalLengthIn35mmFilm" value="24"/>
          <property name="Exif/ISOSpeedRatings" value="1000"/>
          <property name="Exif/Make" value="SONY"/>
          <property name="Exif/Model" value="ILCE-5000"/>
          <property name="Exif/Orientation" value="1"/>
          <property name="Exif/Software" value="ILCE-5000 v1.10"/>
          <property name="File/ImageHeight" value="3632"/>
          <property name="File/ImageWidth" value="5456"/>
          <property name="System/FileModifyDate" value="2018:01:17 18:03:38"/>
          <property name="System/FileSize" value="3440640"/>
        </meta>
      </photo>
    </camera>
    <camera camera_id="21">
      <photo path="../../../DSC00605.JPG">
        <meta>
          <property name="Exif/DateTime" value="2018:01:17 18:03:42"/>
          <property name="Exif/DateTimeOriginal" value="2018:01:17 18:03:42"/>
          <property name="Exif/ExposureTime" value="0.05"/>
          <property name="Exif/FNumber" value="4"/>
          <property name="Exif/FocalLength" value="16"/>
          <property name="Exif/FocalLengthIn35mmFilm" value="24"/>
          <property name="Exif/ISOSpeedRatings" value="1000"/>
          <property name="Exif/Make" value="SONY"/>
          <property name="Exif/Model" value="ILCE-5000"/>
          <property name="Exif/Orientation" value="1"/>
          <property name="Exif/Software" value="ILCE-5000 v1.10"/>
          <property name="File/ImageHeight" value="3632"/>
          <property name="File/ImageWidth" value="5456"/>
          <property name="System/FileModifyDate" value="2018:01:17 18:03:42"/>
          <property name="System/FileSize" value="3440640"/>
        </meta>
      </photo>
    </camera>
    <camera camera_id="22">
      <photo path="../../../DSC00606.JPG">
        <meta>
          <property name="Exif/DateTime" value="2018:01:17 18:03:46"/>
          <property name="Exif/DateTimeOriginal" value="2018:01:17 18:03:46"/>
          <property name="Exif/ExposureTime" value="0.05"/>
          <property name="Exif/FNumber" value="4"/>
          <property name="Exif/FocalLength" value="16"/>
          <property name="Exif/FocalLengthIn35mmFilm" value="24"/>
          <property name="Exif/ISOSpeedRatings" value="1000"/>
          <property name="Exif/Make" value="SONY"/>
          <property name="Exif/Model" value="ILCE-5000"/>
          <property name="Exif/Orientation" value="1"/>
          <property name="Exif/Software" value="ILCE-5000 v1.10"/>
          <property name="File/ImageHeight" value="3632"/>
          <property name="File/ImageWidth" value="5456"/>
          <property name="System/FileModifyDate" value="2018:01:17 18:03:46"/>
          <property name="System/FileSize" value="3506176"/>
        </meta>
      </photo>
    </camera>
    <camera camera_id="23">
      <photo path="../../../DSC00607.JPG">
        <meta>
          <property name="Exif/DateTime" value="2018:01:17 18:03:49"/>
          <property name="Exif/DateTimeOriginal" value="2018:01:17 18:03:49"/>
          <property name="Exif/ExposureTime" value="0.05"/>
          <property name="Exif/FNumber" value="4"/>
          <property name="Exif/FocalLength" value="16"/>
          <property name="Exif/FocalLengthIn35mmFilm" value="24"/>
          <property name="Exif/ISOSpeedRatings" value="1000"/>
          <property name="Exif/Make" value="SONY"/>
          <property name="Exif/Model" value="ILCE-5000"/>
          <property name="Exif/Orientation" value="1"/>
          <property name="Exif/Software" value="ILCE-5000 v1.10"/>
          <property name="File/ImageHeight" value="3632"/>
          <property name="File/ImageWidth" value="5456"/>
          <property name="System/FileModifyDate" value="2018:01:17 18:03:48"/>
          <property name="System/FileSize" value="3342336"/>
        </meta>
      </photo>
    </camera>
    <camera camera_id="24">
      <photo path="../../../DSC00608.JPG">
        <meta>
          <property name="Exif/DateTime" value="2018:01:17 18:03:56"/>
          <property name="Exif/DateTimeOriginal" value="2018:01:17 18:03:56"/>
          <property name="Exif/ExposureTime" value="0.05"/>
          <property name="Exif/FNumber" value="4"/>
          <property name="Exif/FocalLength" value="16"/>
          <property name="Exif/FocalLengthIn35mmFilm" value="24"/>
          <property name="Exif/ISOSpeedRatings" value="1000"/>
          <property name="Exif/Make" value="SONY"/>
          <property name="Exif/Model" value="ILCE-5000"/>
          <property name="Exif/Orientation" value="1"/>
          <property name="Exif/Software" value="ILCE-5000 v1.10"/>
          <property name="File/ImageHeight" value="3632"/>
          <property name="File/ImageWidth" value="5456"/>
          <property name="System/FileModifyDate" value="2018:01:17 18:03:56"/>
          <property name="System/FileSize" value="3670016"/>
        </meta>
      </photo>
    </camera>
    <camera camera_id="25">
      <photo path="../../../DSC00609.JPG">
        <meta>
          <property name="Exif/DateTime" value="2018:01:17 18:04:00"/>
          <property name="Exif/DateTimeOriginal" value="2018:01:17 18:04:00"/>
          <property name="Exif/ExposureTime" value="0.05"/>
          <property name="Exif/FNumber" value="4"/>
          <property name="Exif/FocalLength" value="16"/>
          <property name="Exif/FocalLengthIn35mmFilm" value="24"/>
          <property name="Exif/ISOSpeedRatings" value="1000"/>
          <property name="Exif/Make" value="SONY"/>
          <property name="Exif/Model" value="ILCE-5000"/>
          <property name="Exif/Orientation" value="1"/>
          <property name="Exif/Software" value="ILCE-5000 v1.10"/>
          <property name="File/ImageHeight" value="3632"/>
          <property name="File/ImageWidth" value="5456"/>
          <property name="System/FileModifyDate" value="2018:01:17 18:04:00"/>
          <property name="System/FileSize" value="3670016"/>
        </meta>
      </photo>
    </camera>
    <camera camera_id="26">
      <photo path="../../../DSC00610.JPG">
        <meta>
          <property name="Exif/DateTime" value="2018:01:17 18:04:07"/>
          <property name="Exif/DateTimeOriginal" value="2018:01:17 18:04:07"/>
          <property name="Exif/ExposureTime" value="0.05"/>
          <property name="Exif/FNumber" value="4"/>
          <property name="Exif/FocalLength" value="16"/>
          <property name="Exif/FocalLengthIn35mmFilm" value="24"/>
          <property name="Exif/ISOSpeedRatings" value="1000"/>
          <property name="Exif/Make" value="SONY"/>
          <property name="Exif/Model" value="ILCE-5000"/>
          <property name="Exif/Orientation" value="1"/>
          <property name="Exif/Software" value="ILCE-5000 v1.10"/>
          <property name="File/ImageHeight" value="3632"/>
          <property name="File/ImageWidth" value="5456"/>
          <property name="System/FileModifyDate" value="2018:01:17 18:04:06"/>
          <property name="System/FileSize" value="3801088"/>
        </meta>
      </photo>
    </camera>
    <camera camera_id="27">
      <photo path="../../../DSC00611.JPG">
        <meta>
          <property name="Exif/DateTime" value="2018:01:17 18:04:22"/>
          <property name="Exif/DateTimeOriginal" value="2018:01:17 18:04:22"/>
          <property name="Exif/ExposureTime" value="0.05"/>
          <property name="Exif/FNumber" value="4"/>
          <property name="Exif/FocalLength" value="16"/>
          <property name="Exif/FocalLengthIn35mmFilm" value="24"/>
          <property name="Exif/ISOSpeedRatings" value="1000"/>
          <property name="Exif/Make" value="SONY"/>
          <property name="Exif/Model" value="ILCE-5000"/>
          <property name="Exif/Orientation" value="1"/>
          <property name="Exif/Software" value="ILCE-5000 v1.10"/>
          <property name="File/ImageHeight" value="3632"/>
          <property name="File/ImageWidth" value="5456"/>
          <property name="System/FileModifyDate" value="2018:01:17 18:04:22"/>
          <property name="System/FileSize" value="3932160"/>
        </meta>
      </photo>
    </camera>
    <camera camera_id="28">
      <photo path="../../../DSC00612.JPG">
        <meta>
          <property name="Exif/DateTime" value="2018:01:17 18:04:25"/>
          <property name="Exif/DateTimeOriginal" value="2018:01:17 18:04:25"/>
          <property name="Exif/ExposureTime" value="0.05"/>
          <property name="Exif/FNumber" value="4"/>
          <property name="Exif/FocalLength" value="16"/>
          <property name="Exif/FocalLengthIn35mmFilm" value="24"/>
          <property name="Exif/ISOSpeedRatings" value="1000"/>
          <property name="Exif/Make" value="SONY"/>
          <property name="Exif/Model" value="ILCE-5000"/>
          <property name="Exif/Orientation" value="1"/>
          <property name="Exif/Software" value="ILCE-5000 v1.10"/>
          <property name="File/ImageHeight" value="3632"/>
          <property name="File/ImageWidth" value="5456"/>
          <property name="System/FileModifyDate" value="2018:01:17 18:04:24"/>
          <property name="System/FileSize" value="3768320"/>
        </meta>
      </photo>
    </camera>
    <camera camera_id="29">
      <photo path="../../../DSC00613.JPG">
        <meta>
          <property name="Exif/DateTime" value="2018:01:17 18:04:29"/>
          <property name="Exif/DateTimeOriginal" value="2018:01:17 18:04:29"/>
          <property name="Exif/ExposureTime" value="0.05"/>
          <property name="Exif/FNumber" value="4"/>
          <property name="Exif/FocalLength" value="16"/>
          <property name="Exif/FocalLengthIn35mmFilm" value="24"/>
          <property name="Exif/ISOSpeedRatings" value="1000"/>
          <property name="Exif/Make" value="SONY"/>
          <property name="Exif/Model" value="ILCE-5000"/>
          <property name="Exif/Orientation" value="1"/>
          <property name="Exif/Software" value="ILCE-5000 v1.10"/>
          <property name="File/ImageHeight" value="3632"/>
          <property name="File/ImageWidth" value="5456"/>
          <property name="System/FileModifyDate" value="2018:01:17 18:04:28"/>
          <property name="System/FileSize" value="3735552"/>
        </meta>
      </photo>
    </camera>
    <camera camera_id="30">
      <photo path="../../../DSC00614.JPG">
        <meta>
          <property name="Exif/DateTime" value="2018:01:17 18:04:31"/>
          <property name="Exif/DateTimeOriginal" value="2018:01:17 18:04:31"/>
          <property name="Exif/ExposureTime" value="0.05"/>
          <property name="Exif/FNumber" value="4"/>
          <property name="Exif/FocalLength" value="16"/>
          <property name="Exif/FocalLengthIn35mmFilm" value="24"/>
          <property name="Exif/ISOSpeedRatings" value="1000"/>
          <property name="Exif/Make" value="SONY"/>
          <property name="Exif/Model" value="ILCE-5000"/>
          <property name="Exif/Orientation" value="1"/>
          <property name="Exif/Software" value="ILCE-5000 v1.10"/>
          <property name="File/ImageHeight" value="3632"/>
          <property name="File/ImageWidth" value="5456"/>
          <property name="System/FileModifyDate" value="2018:01:17 18:04:30"/>
          <property name="System/FileSize" value="3801088"/>
        </meta>
      </photo>
    </camera>
    <camera camera_id="31">
      <photo path="../../../DSC00615.JPG">
        <meta>
          <property name="Exif/DateTime" value="2018:01:17 18:04:35"/>
          <property name="Exif/DateTimeOriginal" value="2018:01:17 18:04:35"/>
          <property name="Exif/ExposureTime" value="0.05"/>
          <property name="Exif/FNumber" value="4"/>
          <property name="Exif/FocalLength" value="16"/>
          <property name="Exif/FocalLengthIn35mmFilm" value="24"/>
          <property name="Exif/ISOSpeedRatings" value="1000"/>
          <property name="Exif/Make" value="SONY"/>
          <property name="Exif/Model" value="ILCE-5000"/>
          <property name="Exif/Orientation" value="1"/>
          <property name="Exif/Software" value="ILCE-5000 v1.10"/>
          <property name="File/ImageHeight" value="3632"/>
          <property name="File/ImageWidth" value="5456"/>
          <property name="System/FileModifyDate" value="2018:01:17 18:04:34"/>
          <property name="System/FileSize" value="3604480"/>
        </meta>
      </photo>
    </camera>
    <camera camera_id="32">
      <photo path="../../../DSC00616.JPG">
        <meta>
          <property name="Exif/DateTime" value="2018:01:17 18:04:38"/>
          <property name="Exif/DateTimeOriginal" value="2018:01:17 18:04:38"/>
          <property name="Exif/ExposureTime" value="0.05"/>
          <property name="Exif/FNumber" value="4"/>
          <property name="Exif/FocalLength" value="16"/>
          <property name="Exif/FocalLengthIn35mmFilm" value="24"/>
          <property name="Exif/ISOSpeedRatings" value="1000"/>
          <property name="Exif/Make" value="SONY"/>
          <property name="Exif/Model" value="ILCE-5000"/>
          <property name="Exif/Orientation" value="1"/>
          <property name="Exif/Software" value="ILCE-5000 v1.10"/>
          <property name="File/ImageHeight" value="3632"/>
          <property name="File/ImageWidth" value="5456"/>
          <property name="System/FileModifyDate" value="2018:01:17 18:04:38"/>
          <property name="System/FileSize" value="3571712"/>
        </meta>
      </photo>
    </camera>
    <camera camera_id="33">
      <photo path="../../../DSC00617.JPG">
        <meta>
          <property name="Exif/DateTime" value="2018:01:17 18:04:46"/>
          <property name="Exif/DateTimeOriginal" value="2018:01:17 18:04:46"/>
          <property name="Exif/ExposureTime" value="0.05"/>
          <property name="Exif/FNumber" value="4"/>
          <property name="Exif/FocalLength" value="16"/>
          <property name="Exif/FocalLengthIn35mmFilm" value="24"/>
          <property name="Exif/ISOSpeedRatings" value="1000"/>
          <property name="Exif/Make" value="SONY"/>
          <property name="Exif/Model" value="ILCE-5000"/>
          <property name="Exif/Orientation" value="1"/>
          <property name="Exif/Software" value="ILCE-5000 v1.10"/>
          <property name="File/ImageHeight" value="3632"/>
          <property name="File/ImageWidth" value="5456"/>
          <property name="System/FileModifyDate" value="2018:01:17 18:04:46"/>
          <property name="System/FileSize" value="3571712"/>
        </meta>
      </photo>
    </camera>
    <camera camera_id="34">
      <photo path="../../../DSC00618.JPG">
        <meta>
          <property name="Exif/DateTime" value="2018:01:17 18:04:50"/>
          <property name="Exif/DateTimeOriginal" value="2018:01:17 18:04:50"/>
          <property name="Exif/ExposureTime" value="0.05"/>
          <property name="Exif/FNumber" value="4"/>
          <property name="Exif/FocalLength" value="16"/>
          <property name="Exif/FocalLengthIn35mmFilm" value="24"/>
          <property name="Exif/ISOSpeedRatings" value="1000"/>
          <property name="Exif/Make" value="SONY"/>
          <property name="Exif/Model" value="ILCE-5000"/>
          <property name="Exif/Orientation" value="1"/>
          <property name="Exif/Software" value="ILCE-5000 v1.10"/>
          <property name="File/ImageHeight" value="3632"/>
          <property name="File/ImageWidth" value="5456"/>
          <property name="System/FileModifyDate" value="2018:01:17 18:04:50"/>
          <property name="System/FileSize" value="3342336"/>
        </meta>
      </photo>
    </camera>
    <camera camera_id="35">
      <photo path="../../../DSC00619.JPG">
        <meta>
          <property name="Exif/DateTime" value="2018:01:17 18:04:54"/>
          <property name="Exif/DateTimeOriginal" value="2018:01:17 18:04:54"/>
          <property name="Exif/ExposureTime" value="0.05"/>
          <property name="Exif/FNumber" value="4"/>
          <property name="Exif/FocalLength" value="16"/>
          <property name="Exif/FocalLengthIn35mmFilm" value="24"/>
          <property name="Exif/ISOSpeedRatings" value="1000"/>
          <property name="Exif/Make" value="SONY"/>
          <property name="Exif/Model" value="ILCE-5000"/>
          <property name="Exif/Orientation" value="1"/>
          <property name="Exif/Software" value="ILCE-5000 v1.10"/>
          <property name="File/ImageHeight" value="3632"/>
          <property name="File/ImageWidth" value="5456"/>
          <property name="System/FileModifyDate" value="2018:01:17 18:04:54"/>
          <property name="System/FileSize" value="3506176"/>
        </meta>
      </photo>
    </camera>
    <camera camera_id="36">
      <photo path="../../../DSC00620.JPG">
        <meta>
          <property name="Exif/DateTime" value="2018:01:17 18:04:59"/>
          <property name="Exif/DateTimeOriginal" value="2018:01:17 18:04:59"/>
          <property name="Exif/ExposureTime" value="0.05"/>
          <property name="Exif/FNumber" value="4"/>
          <property name="Exif/FocalLength" value="16"/>
          <property name="Exif/FocalLengthIn35mmFilm" value="24"/>
          <property name="Exif/ISOSpeedRatings" value="1000"/>
          <property name="Exif/Make" value="SONY"/>
          <property name="Exif/Model" value="ILCE-5000"/>
          <property name="Exif/Orientation" value="1"/>
          <property name="Exif/Software" value="ILCE-5000 v1.10"/>
          <property name="File/ImageHeight" value="3632"/>
          <property name="File/ImageWidth" value="5456"/>
          <property name="System/FileModifyDate" value="2018:01:17 18:04:58"/>
          <property name="System/FileSize" value="3538944"/>
        </meta>
      </photo>
    </camera>
    <camera camera_id="37">
      <photo path="../../../DSC00621.JPG">
        <meta>
          <property name="Exif/DateTime" value="2018:01:17 18:05:02"/>
          <property name="Exif/DateTimeOriginal" value="2018:01:17 18:05:02"/>
          <property name="Exif/ExposureTime" value="0.05"/>
          <property name="Exif/FNumber" value="4"/>
          <property name="Exif/FocalLength" value="16"/>
          <property name="Exif/FocalLengthIn35mmFilm" value="24"/>
          <property name="Exif/ISOSpeedRatings" value="1000"/>
          <property name="Exif/Make" value="SONY"/>
          <property name="Exif/Model" value="ILCE-5000"/>
          <property name="Exif/Orientation" value="1"/>
          <property name="Exif/Software" value="ILCE-5000 v1.10"/>
          <property name="File/ImageHeight" value="3632"/>
          <property name="File/ImageWidth" value="5456"/>
          <property name="System/FileModifyDate" value="2018:01:17 18:05:02"/>
          <property name="System/FileSize" value="3702784"/>
        </meta>
      </photo>
    </camera>
    <camera camera_id="38">
      <photo path="../../../DSC00622.JPG">
        <meta>
          <property name="Exif/DateTime" value="2018:01:17 18:05:05"/>
          <property name="Exif/DateTimeOriginal" value="2018:01:17 18:05:05"/>
          <property name="Exif/ExposureTime" value="0.05"/>
          <property name="Exif/FNumber" value="4"/>
          <property name="Exif/FocalLength" value="16"/>
          <property name="Exif/FocalLengthIn35mmFilm" value="24"/>
          <property name="Exif/ISOSpeedRatings" value="1000"/>
          <property name="Exif/Make" value="SONY"/>
          <property name="Exif/Model" value="ILCE-5000"/>
          <property name="Exif/Orientation" value="1"/>
          <property name="Exif/Software" value="ILCE-5000 v1.10"/>
          <property name="File/ImageHeight" value="3632"/>
          <property name="File/ImageWidth" value="5456"/>
          <property name="System/FileModifyDate" value="2018:01:17 18:05:04"/>
          <property name="System/FileSize" value="3637248"/>
        </meta>
      </photo>
    </camera>
    <camera camera_id="39">
      <photo path="../../../DSC00623.JPG">
        <meta>
          <property name="Exif/DateTime" value="2018:01:17 18:05:08"/>
          <property name="Exif/DateTimeOriginal" value="2018:01:17 18:05:08"/>
          <property name="Exif/ExposureTime" value="0.05"/>
          <property name="Exif/FNumber" value="4"/>
          <property name="Exif/FocalLength" value="16"/>
          <property name="Exif/FocalLengthIn35mmFilm" value="24"/>
          <property name="Exif/ISOSpeedRatings" value="1000"/>
          <property name="Exif/Make" value="SONY"/>
          <property name="Exif/Model" value="ILCE-5000"/>
          <property name="Exif/Orientation" value="1"/>
          <property name="Exif/Software" value="ILCE-5000 v1.10"/>
          <property name="File/ImageHeight" value="3632"/>
          <property name="File/ImageWidth" value="5456"/>
          <property name="System/FileModifyDate" value="2018:01:17 18:05:08"/>
          <property name="System/FileSize" value="3670016"/>
        </meta>
      </photo>
    </camera>
    <camera camera_id="40">
      <photo path="../../../DSC00624.JPG">
        <meta>
          <property name="Exif/DateTime" value="2018:01:17 18:05:11"/>
          <property name="Exif/DateTimeOriginal" value="2018:01:17 18:05:11"/>
          <property name="Exif/ExposureTime" value="0.05"/>
          <property name="Exif/FNumber" value="4"/>
          <property name="Exif/FocalLength" value="16"/>
          <property name="Exif/FocalLengthIn35mmFilm" value="24"/>
          <property name="Exif/ISOSpeedRatings" value="1000"/>
          <property name="Exif/Make" value="SONY"/>
          <property name="Exif/Model" value="ILCE-5000"/>
          <property name="Exif/Orientation" value="1"/>
          <property name="Exif/Software" value="ILCE-5000 v1.10"/>
          <property name="File/ImageHeight" value="3632"/>
          <property name="File/ImageWidth" value="5456"/>
          <property name="System/FileModifyDate" value="2018:01:17 18:05:10"/>
          <property name="System/FileSize" value="3637248"/>
        </meta>
      </photo>
    </camera>
    <camera camera_id="41">
      <photo path="../../../DSC00625.JPG">
        <meta>
          <property name="Exif/DateTime" value="2018:01:17 18:05:14"/>
          <property name="Exif/DateTimeOriginal" value="2018:01:17 18:05:14"/>
          <property name="Exif/ExposureTime" value="0.05"/>
          <property name="Exif/FNumber" value="4"/>
          <property name="Exif/FocalLength" value="16"/>
          <property name="Exif/FocalLengthIn35mmFilm" value="24"/>
          <property name="Exif/ISOSpeedRatings" value="1000"/>
          <property name="Exif/Make" value="SONY"/>
          <property name="Exif/Model" value="ILCE-5000"/>
          <property name="Exif/Orientation" value="1"/>
          <property name="Exif/Software" value="ILCE-5000 v1.10"/>
          <property name="File/ImageHeight" value="3632"/>
          <property name="File/ImageWidth" value="5456"/>
          <property name="System/FileModifyDate" value="2018:01:17 18:05:14"/>
          <property name="System/FileSize" value="3768320"/>
        </meta>
      </photo>
    </camera>
    <camera camera_id="42">
      <photo path="../../../DSC00626.JPG">
        <meta>
          <property name="Exif/DateTime" value="2018:01:17 18:05:18"/>
          <property name="Exif/DateTimeOriginal" value="2018:01:17 18:05:18"/>
          <property name="Exif/ExposureTime" value="0.05"/>
          <property name="Exif/FNumber" value="4"/>
          <property name="Exif/FocalLength" value="16"/>
          <property name="Exif/FocalLengthIn35mmFilm" value="24"/>
          <property name="Exif/ISOSpeedRatings" value="1000"/>
          <property name="Exif/Make" value="SONY"/>
          <property name="Exif/Model" value="ILCE-5000"/>
          <property name="Exif/Orientation" value="1"/>
          <property name="Exif/Software" value="ILCE-5000 v1.10"/>
          <property name="File/ImageHeight" value="3632"/>
          <property name="File/ImageWidth" value="5456"/>
          <property name="System/FileModifyDate" value="2018:01:17 18:05:18"/>
          <property name="System/FileSize" value="3833856"/>
        </meta>
      </photo>
    </camera>
    <camera camera_id="43">
      <photo path="../../../DSC00627.JPG">
        <meta>
          <property name="Exif/DateTime" value="2018:01:17 18:05:23"/>
          <property name="Exif/DateTimeOriginal" value="2018:01:17 18:05:23"/>
          <property name="Exif/ExposureTime" value="0.05"/>
          <property name="Exif/FNumber" value="4"/>
          <property name="Exif/FocalLength" value="16"/>
          <property name="Exif/FocalLengthIn35mmFilm" value="24"/>
          <property name="Exif/ISOSpeedRatings" value="1000"/>
          <property name="Exif/Make" value="SONY"/>
          <property name="Exif/Model" value="ILCE-5000"/>
          <property name="Exif/Orientation" value="1"/>
          <property name="Exif/Software" value="ILCE-5000 v1.10"/>
          <property name="File/ImageHeight" value="3632"/>
          <property name="File/ImageWidth" value="5456"/>
          <property name="System/FileModifyDate" value="2018:01:17 18:05:22"/>
          <property name="System/FileSize" value="3997696"/>
        </meta>
      </photo>
    </camera>
    <camera camera_id="44">
      <photo path="../../../DSC00628.JPG">
        <meta>
          <property name="Exif/DateTime" value="2018:01:17 18:05:25"/>
          <property name="Exif/DateTimeOriginal" value="2018:01:17 18:05:25"/>
          <property name="Exif/ExposureTime" value="0.05"/>
          <property name="Exif/FNumber" value="4"/>
          <property name="Exif/FocalLength" value="16"/>
          <property name="Exif/FocalLengthIn35mmFilm" value="24"/>
          <property name="Exif/ISOSpeedRatings" value="1000"/>
          <property name="Exif/Make" value="SONY"/>
          <property name="Exif/Model" value="ILCE-5000"/>
          <property name="Exif/Orientation" value="1"/>
          <property name="Exif/Software" value="ILCE-5000 v1.10"/>
          <property name="File/ImageHeight" value="3632"/>
          <property name="File/ImageWidth" value="5456"/>
          <property name="System/FileModifyDate" value="2018:01:17 18:05:24"/>
          <property name="System/FileSize" value="3735552"/>
        </meta>
      </photo>
    </camera>
    <camera camera_id="45">
      <photo path="../../../DSC00629.JPG">
        <meta>
          <property name="Exif/DateTime" value="2018:01:17 18:05:27"/>
          <property name="Exif/DateTimeOriginal" value="2018:01:17 18:05:27"/>
          <property name="Exif/ExposureTime" value="0.05"/>
          <property name="Exif/FNumber" value="4"/>
          <property name="Exif/FocalLength" value="16"/>
          <property name="Exif/FocalLengthIn35mmFilm" value="24"/>
          <property name="Exif/ISOSpeedRatings" value="1000"/>
          <property name="Exif/Make" value="SONY"/>
          <property name="Exif/Model" value="ILCE-5000"/>
          <property name="Exif/Orientation" value="1"/>
          <property name="Exif/Software" value="ILCE-5000 v1.10"/>
          <property name="File/ImageHeight" value="3632"/>
          <property name="File/ImageWidth" value="5456"/>
          <property name="System/FileModifyDate" value="2018:01:17 18:05:26"/>
          <property name="System/FileSize" value="3866624"/>
        </meta>
      </photo>
    </camera>
    <camera camera_id="46">
      <photo path="../../../DSC00630.JPG">
        <meta>
          <property name="Exif/DateTime" value="2018:01:17 18:05:31"/>
          <property name="Exif/DateTimeOriginal" value="2018:01:17 18:05:31"/>
          <property name="Exif/ExposureTime" value="0.05"/>
          <property name="Exif/FNumber" value="4"/>
          <property name="Exif/FocalLength" value="16"/>
          <property name="Exif/FocalLengthIn35mmFilm" value="24"/>
          <property name="Exif/ISOSpeedRatings" value="1000"/>
          <property name="Exif/Make" value="SONY"/>
          <property name="Exif/Model" value="ILCE-5000"/>
          <property name="Exif/Orientation" value="1"/>
          <property name="Exif/Software" value="ILCE-5000 v1.10"/>
          <property name="File/ImageHeight" value="3632"/>
          <property name="File/ImageWidth" value="5456"/>
          <property name="System/FileModifyDate" value="2018:01:17 18:05:30"/>
          <property name="System/FileSize" value="3833856"/>
        </meta>
      </photo>
    </camera>
    <camera camera_id="47">
      <photo path="../../../DSC00631.JPG">
        <meta>
          <property name="Exif/DateTime" value="2018:01:17 18:05:35"/>
          <property name="Exif/DateTimeOriginal" value="2018:01:17 18:05:35"/>
          <property name="Exif/ExposureTime" value="0.05"/>
          <property name="Exif/FNumber" value="4"/>
          <property name="Exif/FocalLength" value="16"/>
          <property name="Exif/FocalLengthIn35mmFilm" value="24"/>
          <property name="Exif/ISOSpeedRatings" value="1000"/>
          <property name="Exif/Make" value="SONY"/>
          <property name="Exif/Model" value="ILCE-5000"/>
          <property name="Exif/Orientation" value="1"/>
          <property name="Exif/Software" value="ILCE-5000 v1.10"/>
          <property name="File/ImageHeight" value="3632"/>
          <property name="File/ImageWidth" value="5456"/>
          <property name="System/FileModifyDate" value="2018:01:17 18:05:34"/>
          <property name="System/FileSize" value="3768320"/>
        </meta>
      </photo>
    </camera>
    <camera camera_id="48">
      <photo path="../../../DSC00632.JPG">
        <meta>
          <property name="Exif/DateTime" value="2018:01:17 18:05:37"/>
          <property name="Exif/DateTimeOriginal" value="2018:01:17 18:05:37"/>
          <property name="Exif/ExposureTime" value="0.05"/>
          <property name="Exif/FNumber" value="4"/>
          <property name="Exif/FocalLength" value="16"/>
          <property name="Exif/FocalLengthIn35mmFilm" value="24"/>
          <property name="Exif/ISOSpeedRatings" value="1000"/>
          <property name="Exif/Make" value="SONY"/>
          <property name="Exif/Model" value="ILCE-5000"/>
          <property name="Exif/Orientation" value="1"/>
          <property name="Exif/Software" value="ILCE-5000 v1.10"/>
          <property name="File/ImageHeight" value="3632"/>
          <property name="File/ImageWidth" value="5456"/>
          <property name="System/FileModifyDate" value="2018:01:17 18:05:36"/>
          <property name="System/FileSize" value="3735552"/>
        </meta>
      </photo>
    </camera>
    <camera camera_id="49">
      <photo path="../../../DSC00633.JPG">
        <meta>
          <property name="Exif/DateTime" value="2018:01:17 18:05:40"/>
          <property name="Exif/DateTimeOriginal" value="2018:01:17 18:05:40"/>
          <property name="Exif/ExposureTime" value="0.05"/>
          <property name="Exif/FNumber" value="4"/>
          <property name="Exif/FocalLength" value="16"/>
          <property name="Exif/FocalLengthIn35mmFilm" value="24"/>
          <property name="Exif/ISOSpeedRatings" value="1000"/>
          <property name="Exif/Make" value="SONY"/>
          <property name="Exif/Model" value="ILCE-5000"/>
          <property name="Exif/Orientation" value="1"/>
          <property name="Exif/Software" value="ILCE-5000 v1.10"/>
          <property name="File/ImageHeight" value="3632"/>
          <property name="File/ImageWidth" value="5456"/>
          <property name="System/FileModifyDate" value="2018:01:17 18:05:40"/>
          <property name="System/FileSize" value="3702784"/>
        </meta>
      </photo>
    </camera>
    <camera camera_id="50">
      <photo path="../../../DSC00634.JPG">
        <meta>
          <property name="Exif/DateTime" value="2018:01:17 18:05:52"/>
          <property name="Exif/DateTimeOriginal" value="2018:01:17 18:05:52"/>
          <property name="Exif/ExposureTime" value="0.05"/>
          <property name="Exif/FNumber" value="4"/>
          <property name="Exif/FocalLength" value="16"/>
          <property name="Exif/FocalLengthIn35mmFilm" value="24"/>
          <property name="Exif/ISOSpeedRatings" value="1000"/>
          <property name="Exif/Make" value="SONY"/>
          <property name="Exif/Model" value="ILCE-5000"/>
          <property name="Exif/Orientation" value="1"/>
          <property name="Exif/Software" value="ILCE-5000 v1.10"/>
          <property name="File/ImageHeight" value="3632"/>
          <property name="File/ImageWidth" value="5456"/>
          <property name="System/FileModifyDate" value="2018:01:17 18:05:52"/>
          <property name="System/FileSize" value="3735552"/>
        </meta>
      </photo>
    </camera>
    <camera camera_id="51">
      <photo path="../../../DSC00635.JPG">
        <meta>
          <property name="Exif/DateTime" value="2018:01:17 18:05:54"/>
          <property name="Exif/DateTimeOriginal" value="2018:01:17 18:05:54"/>
          <property name="Exif/ExposureTime" value="0.05"/>
          <property name="Exif/FNumber" value="4"/>
          <property name="Exif/FocalLength" value="16"/>
          <property name="Exif/FocalLengthIn35mmFilm" value="24"/>
          <property name="Exif/ISOSpeedRatings" value="1000"/>
          <property name="Exif/Make" value="SONY"/>
          <property name="Exif/Model" value="ILCE-5000"/>
          <property name="Exif/Orientation" value="1"/>
          <property name="Exif/Software" value="ILCE-5000 v1.10"/>
          <property name="File/ImageHeight" value="3632"/>
          <property name="File/ImageWidth" value="5456"/>
          <property name="System/FileModifyDate" value="2018:01:17 18:05:54"/>
          <property name="System/FileSize" value="3833856"/>
        </meta>
      </photo>
    </camera>
    <camera camera_id="52">
      <photo path="../../../DSC00636.JPG">
        <meta>
          <property name="Exif/DateTime" value="2018:01:17 18:05:57"/>
          <property name="Exif/DateTimeOriginal" value="2018:01:17 18:05:57"/>
          <property name="Exif/ExposureTime" value="0.05"/>
          <property name="Exif/FNumber" value="4"/>
          <property name="Exif/FocalLength" value="16"/>
          <property name="Exif/FocalLengthIn35mmFilm" value="24"/>
          <property name="Exif/ISOSpeedRatings" value="1000"/>
          <property name="Exif/Make" value="SONY"/>
          <property name="Exif/Model" value="ILCE-5000"/>
          <property name="Exif/Orientation" value="1"/>
          <property name="Exif/Software" value="ILCE-5000 v1.10"/>
          <property name="File/ImageHeight" value="3632"/>
          <property name="File/ImageWidth" value="5456"/>
          <property name="System/FileModifyDate" value="2018:01:17 18:05:56"/>
          <property name="System/FileSize" value="3866624"/>
        </meta>
      </photo>
    </camera>
    <camera camera_id="53">
      <photo path="../../../DSC00637.JPG">
        <meta>
          <property name="Exif/DateTime" value="2018:01:17 18:06:00"/>
          <property name="Exif/DateTimeOriginal" value="2018:01:17 18:06:00"/>
          <property name="Exif/ExposureTime" value="0.05"/>
          <property name="Exif/FNumber" value="4"/>
          <property name="Exif/FocalLength" value="16"/>
          <property name="Exif/FocalLengthIn35mmFilm" value="24"/>
          <property name="Exif/ISOSpeedRatings" value="1000"/>
          <property name="Exif/Make" value="SONY"/>
          <property name="Exif/Model" value="ILCE-5000"/>
          <property name="Exif/Orientation" value="1"/>
          <property name="Exif/Software" value="ILCE-5000 v1.10"/>
          <property name="File/ImageHeight" value="3632"/>
          <property name="File/ImageWidth" value="5456"/>
          <property name="System/FileModifyDate" value="2018:01:17 18:06:00"/>
          <property name="System/FileSize" value="3768320"/>
        </meta>
      </photo>
    </camera>
    <camera camera_id="54">
      <photo path="../../../DSC00638.JPG">
        <meta>
          <property name="Exif/DateTime" value="2018:01:17 18:06:04"/>
          <property name="Exif/DateTimeOriginal" value="2018:01:17 18:06:04"/>
          <property name="Exif/ExposureTime" value="0.05"/>
          <property name="Exif/FNumber" value="4"/>
          <property name="Exif/FocalLength" value="16"/>
          <property name="Exif/FocalLengthIn35mmFilm" value="24"/>
          <property name="Exif/ISOSpeedRatings" value="1000"/>
          <property name="Exif/Make" value="SONY"/>
          <property name="Exif/Model" value="ILCE-5000"/>
          <property name="Exif/Orientation" value="1"/>
          <property name="Exif/Software" value="ILCE-5000 v1.10"/>
          <property name="File/ImageHeight" value="3632"/>
          <property name="File/ImageWidth" value="5456"/>
          <property name="System/FileModifyDate" value="2018:01:17 18:06:04"/>
          <property name="System/FileSize" value="3735552"/>
        </meta>
      </photo>
    </camera>
    <camera camera_id="55">
      <photo path="../../../DSC00639.JPG">
        <meta>
          <property name="Exif/DateTime" value="2018:01:17 18:06:07"/>
          <property name="Exif/DateTimeOriginal" value="2018:01:17 18:06:07"/>
          <property name="Exif/ExposureTime" value="0.05"/>
          <property name="Exif/FNumber" value="4"/>
          <property name="Exif/FocalLength" value="16"/>
          <property name="Exif/FocalLengthIn35mmFilm" value="24"/>
          <property name="Exif/ISOSpeedRatings" value="1000"/>
          <property name="Exif/Make" value="SONY"/>
          <property name="Exif/Model" value="ILCE-5000"/>
          <property name="Exif/Orientation" value="1"/>
          <property name="Exif/Software" value="ILCE-5000 v1.10"/>
          <property name="File/ImageHeight" value="3632"/>
          <property name="File/ImageWidth" value="5456"/>
          <property name="System/FileModifyDate" value="2018:01:17 18:06:06"/>
          <property name="System/FileSize" value="3735552"/>
        </meta>
      </photo>
    </camera>
    <camera camera_id="56">
      <photo path="../../../DSC00640.JPG">
        <meta>
          <property name="Exif/DateTime" value="2018:01:17 18:06:12"/>
          <property name="Exif/DateTimeOriginal" value="2018:01:17 18:06:12"/>
          <property name="Exif/ExposureTime" value="0.05"/>
          <property name="Exif/FNumber" value="4"/>
          <property name="Exif/FocalLength" value="16"/>
          <property name="Exif/FocalLengthIn35mmFilm" value="24"/>
          <property name="Exif/ISOSpeedRatings" value="1000"/>
          <property name="Exif/Make" value="SONY"/>
          <property name="Exif/Model" value="ILCE-5000"/>
          <property name="Exif/Orientation" value="1"/>
          <property name="Exif/Software" value="ILCE-5000 v1.10"/>
          <property name="File/ImageHeight" value="3632"/>
          <property name="File/ImageWidth" value="5456"/>
          <property name="System/FileModifyDate" value="2018:01:17 18:06:12"/>
          <property name="System/FileSize" value="3833856"/>
        </meta>
      </photo>
    </camera>
    <camera camera_id="57">
      <photo path="../../../DSC00641.JPG">
        <meta>
          <property name="Exif/DateTime" value="2018:01:17 18:06:15"/>
          <property name="Exif/DateTimeOriginal" value="2018:01:17 18:06:15"/>
          <property name="Exif/ExposureTime" value="0.05"/>
          <property name="Exif/FNumber" value="4"/>
          <property name="Exif/FocalLength" value="16"/>
          <property name="Exif/FocalLengthIn35mmFilm" value="24"/>
          <property name="Exif/ISOSpeedRatings" value="1000"/>
          <property name="Exif/Make" value="SONY"/>
          <property name="Exif/Model" value="ILCE-5000"/>
          <property name="Exif/Orientation" value="1"/>
          <property name="Exif/Software" value="ILCE-5000 v1.10"/>
          <property name="File/ImageHeight" value="3632"/>
          <property name="File/ImageWidth" value="5456"/>
          <property name="System/FileModifyDate" value="2018:01:17 18:06:14"/>
          <property name="System/FileSize" value="3670016"/>
        </meta>
      </photo>
    </camera>
    <camera camera_id="58">
      <photo path="../../../DSC00642.JPG">
        <meta>
          <property name="Exif/DateTime" value="2018:01:17 18:06:17"/>
          <property name="Exif/DateTimeOriginal" value="2018:01:17 18:06:17"/>
          <property name="Exif/ExposureTime" value="0.05"/>
          <property name="Exif/FNumber" value="4"/>
          <property name="Exif/FocalLength" value="16"/>
          <property name="Exif/FocalLengthIn35mmFilm" value="24"/>
          <property name="Exif/ISOSpeedRatings" value="1000"/>
          <property name="Exif/Make" value="SONY"/>
          <property name="Exif/Model" value="ILCE-5000"/>
          <property name="Exif/Orientation" value="1"/>
          <property name="Exif/Software" value="ILCE-5000 v1.10"/>
          <property name="File/ImageHeight" value="3632"/>
          <property name="File/ImageWidth" value="5456"/>
          <property name="System/FileModifyDate" value="2018:01:17 18:06:16"/>
          <property name="System/FileSize" value="3735552"/>
        </meta>
      </photo>
    </camera>
    <camera camera_id="59">
      <photo path="../../../DSC00643.JPG">
        <meta>
          <property name="Exif/DateTime" value="2018:01:17 18:06:20"/>
          <property name="Exif/DateTimeOriginal" value="2018:01:17 18:06:20"/>
          <property name="Exif/ExposureTime" value="0.05"/>
          <property name="Exif/FNumber" value="4"/>
          <property name="Exif/FocalLength" value="16"/>
          <property name="Exif/FocalLengthIn35mmFilm" value="24"/>
          <property name="Exif/ISOSpeedRatings" value="1000"/>
          <property name="Exif/Make" value="SONY"/>
          <property name="Exif/Model" value="ILCE-5000"/>
          <property name="Exif/Orientation" value="1"/>
          <property name="Exif/Software" value="ILCE-5000 v1.10"/>
          <property name="File/ImageHeight" value="3632"/>
          <property name="File/ImageWidth" value="5456"/>
          <property name="System/FileModifyDate" value="2018:01:17 18:06:20"/>
          <property name="System/FileSize" value="3637248"/>
        </meta>
      </photo>
    </camera>
    <camera camera_id="60">
      <photo path="../../../DSC00644.JPG">
        <meta>
          <property name="Exif/DateTime" value="2018:01:17 18:06:23"/>
          <property name="Exif/DateTimeOriginal" value="2018:01:17 18:06:23"/>
          <property name="Exif/ExposureTime" value="0.05"/>
          <property name="Exif/FNumber" value="4"/>
          <property name="Exif/FocalLength" value="16"/>
          <property name="Exif/FocalLengthIn35mmFilm" value="24"/>
          <property name="Exif/ISOSpeedRatings" value="1000"/>
          <property name="Exif/Make" value="SONY"/>
          <property name="Exif/Model" value="ILCE-5000"/>
          <property name="Exif/Orientation" value="1"/>
          <property name="Exif/Software" value="ILCE-5000 v1.10"/>
          <property name="File/ImageHeight" value="3632"/>
          <property name="File/ImageWidth" value="5456"/>
          <property name="System/FileModifyDate" value="2018:01:17 18:06:22"/>
          <property name="System/FileSize" value="3702784"/>
        </meta>
      </photo>
    </camera>
    <camera camera_id="61">
      <photo path="../../../DSC00645.JPG">
        <meta>
          <property name="Exif/DateTime" value="2018:01:17 18:06:25"/>
          <property name="Exif/DateTimeOriginal" value="2018:01:17 18:06:25"/>
          <property name="Exif/ExposureTime" value="0.05"/>
          <property name="Exif/FNumber" value="4"/>
          <property name="Exif/FocalLength" value="16"/>
          <property name="Exif/FocalLengthIn35mmFilm" value="24"/>
          <property name="Exif/ISOSpeedRatings" value="1000"/>
          <property name="Exif/Make" value="SONY"/>
          <property name="Exif/Model" value="ILCE-5000"/>
          <property name="Exif/Orientation" value="1"/>
          <property name="Exif/Software" value="ILCE-5000 v1.10"/>
          <property name="File/ImageHeight" value="3632"/>
          <property name="File/ImageWidth" value="5456"/>
          <property name="System/FileModifyDate" value="2018:01:17 18:06:24"/>
          <property name="System/FileSize" value="3735552"/>
        </meta>
      </photo>
    </camera>
    <camera camera_id="62">
      <photo path="../../../DSC00646.JPG">
        <meta>
          <property name="Exif/DateTime" value="2018:01:17 18:06:30"/>
          <property name="Exif/DateTimeOriginal" value="2018:01:17 18:06:30"/>
          <property name="Exif/ExposureTime" value="0.05"/>
          <property name="Exif/FNumber" value="4"/>
          <property name="Exif/FocalLength" value="16"/>
          <property name="Exif/FocalLengthIn35mmFilm" value="24"/>
          <property name="Exif/ISOSpeedRatings" value="1000"/>
          <property name="Exif/Make" value="SONY"/>
          <property name="Exif/Model" value="ILCE-5000"/>
          <property name="Exif/Orientation" value="1"/>
          <property name="Exif/Software" value="ILCE-5000 v1.10"/>
          <property name="File/ImageHeight" value="3632"/>
          <property name="File/ImageWidth" value="5456"/>
          <property name="System/FileModifyDate" value="2018:01:17 18:06:30"/>
          <property name="System/FileSize" value="3571712"/>
        </meta>
      </photo>
    </camera>
    <camera camera_id="63">
      <photo path="../../../DSC00647.JPG">
        <meta>
          <property name="Exif/DateTime" value="2018:01:17 18:06:38"/>
          <property name="Exif/DateTimeOriginal" value="2018:01:17 18:06:38"/>
          <property name="Exif/ExposureTime" value="0.05"/>
          <property name="Exif/FNumber" value="4"/>
          <property name="Exif/FocalLength" value="16"/>
          <property name="Exif/FocalLengthIn35mmFilm" value="24"/>
          <property name="Exif/ISOSpeedRatings" value="1000"/>
          <property name="Exif/Make" value="SONY"/>
          <property name="Exif/Model" value="ILCE-5000"/>
          <property name="Exif/Orientation" value="1"/>
          <property name="Exif/Software" value="ILCE-5000 v1.10"/>
          <property name="File/ImageHeight" value="3632"/>
          <property name="File/ImageWidth" value="5456"/>
          <property name="System/FileModifyDate" value="2018:01:17 18:06:38"/>
          <property name="System/FileSize" value="3670016"/>
        </meta>
      </photo>
    </camera>
    <camera camera_id="64">
      <photo path="../../../DSC00648.JPG">
        <meta>
          <property name="Exif/DateTime" value="2018:01:17 18:06:44"/>
          <property name="Exif/DateTimeOriginal" value="2018:01:17 18:06:44"/>
          <property name="Exif/ExposureTime" value="0.05"/>
          <property name="Exif/FNumber" value="4"/>
          <property name="Exif/FocalLength" value="16"/>
          <property name="Exif/FocalLengthIn35mmFilm" value="24"/>
          <property name="Exif/ISOSpeedRatings" value="1000"/>
          <property name="Exif/Make" value="SONY"/>
          <property name="Exif/Model" value="ILCE-5000"/>
          <property name="Exif/Orientation" value="1"/>
          <property name="Exif/Software" value="ILCE-5000 v1.10"/>
          <property name="File/ImageHeight" value="3632"/>
          <property name="File/ImageWidth" value="5456"/>
          <property name="System/FileModifyDate" value="2018:01:17 18:06:44"/>
          <property name="System/FileSize" value="3342336"/>
        </meta>
      </photo>
    </camera>
    <camera camera_id="65">
      <photo path="../../../DSC00649.JPG">
        <meta>
          <property name="Exif/DateTime" value="2018:01:17 18:06:48"/>
          <property name="Exif/DateTimeOriginal" value="2018:01:17 18:06:48"/>
          <property name="Exif/ExposureTime" value="0.05"/>
          <property name="Exif/FNumber" value="4"/>
          <property name="Exif/FocalLength" value="16"/>
          <property name="Exif/FocalLengthIn35mmFilm" value="24"/>
          <property name="Exif/ISOSpeedRatings" value="1000"/>
          <property name="Exif/Make" value="SONY"/>
          <property name="Exif/Model" value="ILCE-5000"/>
          <property name="Exif/Orientation" value="1"/>
          <property name="Exif/Software" value="ILCE-5000 v1.10"/>
          <property name="File/ImageHeight" value="3632"/>
          <property name="File/ImageWidth" value="5456"/>
          <property name="System/FileModifyDate" value="2018:01:17 18:06:48"/>
          <property name="System/FileSize" value="3375104"/>
        </meta>
      </photo>
    </camera>
    <camera camera_id="66">
      <photo path="../../../DSC00650.JPG">
        <meta>
          <property name="Exif/DateTime" value="2018:01:17 18:06:52"/>
          <property name="Exif/DateTimeOriginal" value="2018:01:17 18:06:52"/>
          <property name="Exif/ExposureTime" value="0.05"/>
          <property name="Exif/FNumber" value="4"/>
          <property name="Exif/FocalLength" value="16"/>
          <property name="Exif/FocalLengthIn35mmFilm" value="24"/>
          <property name="Exif/ISOSpeedRatings" value="1000"/>
          <property name="Exif/Make" value="SONY"/>
          <property name="Exif/Model" value="ILCE-5000"/>
          <property name="Exif/Orientation" value="1"/>
          <property name="Exif/Software" value="ILCE-5000 v1.10"/>
          <property name="File/ImageHeight" value="3632"/>
          <property name="File/ImageWidth" value="5456"/>
          <property name="System/FileModifyDate" value="2018:01:17 18:06:52"/>
          <property name="System/FileSize" value="3211264"/>
        </meta>
      </photo>
    </camera>
    <camera camera_id="67">
      <photo path="../../../DSC00651.JPG">
        <meta>
          <property name="Exif/DateTime" value="2018:01:17 18:06:55"/>
          <property name="Exif/DateTimeOriginal" value="2018:01:17 18:06:55"/>
          <property name="Exif/ExposureTime" value="0.05"/>
          <property name="Exif/FNumber" value="4"/>
          <property name="Exif/FocalLength" value="16"/>
          <property name="Exif/FocalLengthIn35mmFilm" value="24"/>
          <property name="Exif/ISOSpeedRatings" value="1000"/>
          <property name="Exif/Make" value="SONY"/>
          <property name="Exif/Model" value="ILCE-5000"/>
          <property name="Exif/Orientation" value="1"/>
          <property name="Exif/Software" value="ILCE-5000 v1.10"/>
          <property name="File/ImageHeight" value="3632"/>
          <property name="File/ImageWidth" value="5456"/>
          <property name="System/FileModifyDate" value="2018:01:17 18:06:54"/>
          <property name="System/FileSize" value="3178496"/>
        </meta>
      </photo>
    </camera>
    <camera camera_id="68">
      <photo path="../../../DSC00652.JPG">
        <meta>
          <property name="Exif/DateTime" value="2018:01:17 18:06:58"/>
          <property name="Exif/DateTimeOriginal" value="2018:01:17 18:06:58"/>
          <property name="Exif/ExposureTime" value="0.05"/>
          <property name="Exif/FNumber" value="4"/>
          <property name="Exif/FocalLength" value="16"/>
          <property name="Exif/FocalLengthIn35mmFilm" value="24"/>
          <property name="Exif/ISOSpeedRatings" value="1000"/>
          <property name="Exif/Make" value="SONY"/>
          <property name="Exif/Model" value="ILCE-5000"/>
          <property name="Exif/Orientation" value="1"/>
          <property name="Exif/Software" value="ILCE-5000 v1.10"/>
          <property name="File/ImageHeight" value="3632"/>
          <property name="File/ImageWidth" value="5456"/>
          <property name="System/FileModifyDate" value="2018:01:17 18:06:58"/>
          <property name="System/FileSize" value="3211264"/>
        </meta>
      </photo>
    </camera>
    <camera camera_id="69">
      <photo path="../../../DSC00653.JPG">
        <meta>
          <property name="Exif/DateTime" value="2018:01:17 18:07:01"/>
          <property name="Exif/DateTimeOriginal" value="2018:01:17 18:07:01"/>
          <property name="Exif/ExposureTime" value="0.05"/>
          <property name="Exif/FNumber" value="4"/>
          <property name="Exif/FocalLength" value="16"/>
          <property name="Exif/FocalLengthIn35mmFilm" value="24"/>
          <property name="Exif/ISOSpeedRatings" value="1000"/>
          <property name="Exif/Make" value="SONY"/>
          <property name="Exif/Model" value="ILCE-5000"/>
          <property name="Exif/Orientation" value="1"/>
          <property name="Exif/Software" value="ILCE-5000 v1.10"/>
          <property name="File/ImageHeight" value="3632"/>
          <property name="File/ImageWidth" value="5456"/>
          <property name="System/FileModifyDate" value="2018:01:17 18:07:00"/>
          <property name="System/FileSize" value="3244032"/>
        </meta>
      </photo>
    </camera>
    <camera camera_id="70">
      <photo path="../../../DSC00654.JPG">
        <meta>
          <property name="Exif/DateTime" value="2018:01:17 18:07:04"/>
          <property name="Exif/DateTimeOriginal" value="2018:01:17 18:07:04"/>
          <property name="Exif/ExposureTime" value="0.05"/>
          <property name="Exif/FNumber" value="4"/>
          <property name="Exif/FocalLength" value="16"/>
          <property name="Exif/FocalLengthIn35mmFilm" value="24"/>
          <property name="Exif/ISOSpeedRatings" value="1000"/>
          <property name="Exif/Make" value="SONY"/>
          <property name="Exif/Model" value="ILCE-5000"/>
          <property name="Exif/Orientation" value="1"/>
          <property name="Exif/Software" value="ILCE-5000 v1.10"/>
          <property name="File/ImageHeight" value="3632"/>
          <property name="File/ImageWidth" value="5456"/>
          <property name="System/FileModifyDate" value="2018:01:17 18:07:04"/>
          <property name="System/FileSize" value="3571712"/>
        </meta>
      </photo>
    </camera>
    <camera camera_id="71">
      <photo path="../../../DSC00655.JPG">
        <meta>
          <property name="Exif/DateTime" value="2018:01:17 18:07:08"/>
          <property name="Exif/DateTimeOriginal" value="2018:01:17 18:07:08"/>
          <property name="Exif/ExposureTime" value="0.05"/>
          <property name="Exif/FNumber" value="4"/>
          <property name="Exif/FocalLength" value="16"/>
          <property name="Exif/FocalLengthIn35mmFilm" value="24"/>
          <property name="Exif/ISOSpeedRatings" value="1000"/>
          <property name="Exif/Make" value="SONY"/>
          <property name="Exif/Model" value="ILCE-5000"/>
          <property name="Exif/Orientation" value="1"/>
          <property name="Exif/Software" value="ILCE-5000 v1.10"/>
          <property name="File/ImageHeight" value="3632"/>
          <property name="File/ImageWidth" value="5456"/>
          <property name="System/FileModifyDate" value="2018:01:17 18:07:08"/>
          <property name="System/FileSize" value="3178496"/>
        </meta>
      </photo>
    </camera>
    <camera camera_id="72">
      <photo path="../../../DSC00656.JPG">
        <meta>
          <property name="Exif/DateTime" value="2018:01:17 18:07:11"/>
          <property name="Exif/DateTimeOriginal" value="2018:01:17 18:07:11"/>
          <property name="Exif/ExposureTime" value="0.05"/>
          <property name="Exif/FNumber" value="4"/>
          <property name="Exif/FocalLength" value="16"/>
          <property name="Exif/FocalLengthIn35mmFilm" value="24"/>
          <property name="Exif/ISOSpeedRatings" value="1000"/>
          <property name="Exif/Make" value="SONY"/>
          <property name="Exif/Model" value="ILCE-5000"/>
          <property name="Exif/Orientation" value="1"/>
          <property name="Exif/Software" value="ILCE-5000 v1.10"/>
          <property name="File/ImageHeight" value="3632"/>
          <property name="File/ImageWidth" value="5456"/>
          <property name="System/FileModifyDate" value="2018:01:17 18:07:10"/>
          <property name="System/FileSize" value="3506176"/>
        </meta>
      </photo>
    </camera>
    <camera camera_id="73">
      <photo path="../../../DSC00657.JPG">
        <meta>
          <property name="Exif/DateTime" value="2018:01:17 18:07:15"/>
          <property name="Exif/DateTimeOriginal" value="2018:01:17 18:07:15"/>
          <property name="Exif/ExposureTime" value="0.05"/>
          <property name="Exif/FNumber" value="4"/>
          <property name="Exif/FocalLength" value="16"/>
          <property name="Exif/FocalLengthIn35mmFilm" value="24"/>
          <property name="Exif/ISOSpeedRatings" value="1000"/>
          <property name="Exif/Make" value="SONY"/>
          <property name="Exif/Model" value="ILCE-5000"/>
          <property name="Exif/Orientation" value="1"/>
          <property name="Exif/Software" value="ILCE-5000 v1.10"/>
          <property name="File/ImageHeight" value="3632"/>
          <property name="File/ImageWidth" value="5456"/>
          <property name="System/FileModifyDate" value="2018:01:17 18:07:14"/>
          <property name="System/FileSize" value="2949120"/>
        </meta>
      </photo>
    </camera>
    <camera camera_id="74">
      <photo path="../../../DSC00658.JPG">
        <meta>
          <property name="Exif/DateTime" value="2018:01:17 18:07:21"/>
          <property name="Exif/DateTimeOriginal" value="2018:01:17 18:07:21"/>
          <property name="Exif/ExposureTime" value="0.05"/>
          <property name="Exif/FNumber" value="4"/>
          <property name="Exif/FocalLength" value="16"/>
          <property name="Exif/FocalLengthIn35mmFilm" value="24"/>
          <property name="Exif/ISOSpeedRatings" value="1000"/>
          <property name="Exif/Make" value="SONY"/>
          <property name="Exif/Model" value="ILCE-5000"/>
          <property name="Exif/Orientation" value="1"/>
          <property name="Exif/Software" value="ILCE-5000 v1.10"/>
          <property name="File/ImageHeight" value="3632"/>
          <property name="File/ImageWidth" value="5456"/>
          <property name="System/FileModifyDate" value="2018:01:17 18:07:20"/>
          <property name="System/FileSize" value="3342336"/>
        </meta>
      </photo>
    </camera>
    <camera camera_id="75">
      <photo path="../../../DSC00659.JPG">
        <meta>
          <property name="Exif/DateTime" value="2018:01:17 18:07:25"/>
          <property name="Exif/DateTimeOriginal" value="2018:01:17 18:07:25"/>
          <property name="Exif/ExposureTime" value="0.05"/>
          <property name="Exif/FNumber" value="4"/>
          <property name="Exif/FocalLength" value="16"/>
          <property name="Exif/FocalLengthIn35mmFilm" value="24"/>
          <property name="Exif/ISOSpeedRatings" value="1000"/>
          <property name="Exif/Make" value="SONY"/>
          <property name="Exif/Model" value="ILCE-5000"/>
          <property name="Exif/Orientation" value="1"/>
          <property name="Exif/Software" value="ILCE-5000 v1.10"/>
          <property name="File/ImageHeight" value="3632"/>
          <property name="File/ImageWidth" value="5456"/>
          <property name="System/FileModifyDate" value="2018:01:17 18:07:24"/>
          <property name="System/FileSize" value="3112960"/>
        </meta>
      </photo>
    </camera>
    <camera camera_id="76">
      <photo path="../../../DSC00660.JPG">
        <meta>
          <property name="Exif/DateTime" value="2018:01:17 18:07:29"/>
          <property name="Exif/DateTimeOriginal" value="2018:01:17 18:07:29"/>
          <property name="Exif/ExposureTime" value="0.05"/>
          <property name="Exif/FNumber" value="4"/>
          <property name="Exif/FocalLength" value="16"/>
          <property name="Exif/FocalLengthIn35mmFilm" value="24"/>
          <property name="Exif/ISOSpeedRatings" value="1000"/>
          <property name="Exif/Make" value="SONY"/>
          <property name="Exif/Model" value="ILCE-5000"/>
          <property name="Exif/Orientation" value="1"/>
          <property name="Exif/Software" value="ILCE-5000 v1.10"/>
          <property name="File/ImageHeight" value="3632"/>
          <property name="File/ImageWidth" value="5456"/>
          <property name="System/FileModifyDate" value="2018:01:17 18:07:28"/>
          <property name="System/FileSize" value="3342336"/>
        </meta>
      </photo>
    </camera>
    <camera camera_id="77">
      <photo path="../../../DSC00661.JPG">
        <meta>
          <property name="Exif/DateTime" value="2018:01:17 18:07:34"/>
          <property name="Exif/DateTimeOriginal" value="2018:01:17 18:07:34"/>
          <property name="Exif/ExposureTime" value="0.05"/>
          <property name="Exif/FNumber" value="4"/>
          <property name="Exif/FocalLength" value="16"/>
          <property name="Exif/FocalLengthIn35mmFilm" value="24"/>
          <property name="Exif/ISOSpeedRatings" value="1000"/>
          <property name="Exif/Make" value="SONY"/>
          <property name="Exif/Model" value="ILCE-5000"/>
          <property name="Exif/Orientation" value="1"/>
          <property name="Exif/Software" value="ILCE-5000 v1.10"/>
          <property name="File/ImageHeight" value="3632"/>
          <property name="File/ImageWidth" value="5456"/>
          <property name="System/FileModifyDate" value="2018:01:17 18:07:34"/>
          <property name="System/FileSize" value="3112960"/>
        </meta>
      </photo>
    </camera>
    <camera camera_id="78">
      <photo path="../../../DSC00662.JPG">
        <meta>
          <property name="Exif/DateTime" value="2018:01:17 18:07:37"/>
          <property name="Exif/DateTimeOriginal" value="2018:01:17 18:07:37"/>
          <property name="Exif/ExposureTime" value="0.05"/>
          <property name="Exif/FNumber" value="4"/>
          <property name="Exif/FocalLength" value="16"/>
          <property name="Exif/FocalLengthIn35mmFilm" value="24"/>
          <property name="Exif/ISOSpeedRatings" value="1000"/>
          <property name="Exif/Make" value="SONY"/>
          <property name="Exif/Model" value="ILCE-5000"/>
          <property name="Exif/Orientation" value="1"/>
          <property name="Exif/Software" value="ILCE-5000 v1.10"/>
          <property name="File/ImageHeight" value="3632"/>
          <property name="File/ImageWidth" value="5456"/>
          <property name="System/FileModifyDate" value="2018:01:17 18:07:36"/>
          <property name="System/FileSize" value="3080192"/>
        </meta>
      </photo>
    </camera>
    <camera camera_id="79">
      <photo path="../../../DSC00663.JPG">
        <meta>
          <property name="Exif/DateTime" value="2018:01:17 18:07:42"/>
          <property name="Exif/DateTimeOriginal" value="2018:01:17 18:07:42"/>
          <property name="Exif/ExposureTime" value="0.05"/>
          <property name="Exif/FNumber" value="4"/>
          <property name="Exif/FocalLength" value="16"/>
          <property name="Exif/FocalLengthIn35mmFilm" value="24"/>
          <property name="Exif/ISOSpeedRatings" value="1000"/>
          <property name="Exif/Make" value="SONY"/>
          <property name="Exif/Model" value="ILCE-5000"/>
          <property name="Exif/Orientation" value="1"/>
          <property name="Exif/Software" value="ILCE-5000 v1.10"/>
          <property name="File/ImageHeight" value="3632"/>
          <property name="File/ImageWidth" value="5456"/>
          <property name="System/FileModifyDate" value="2018:01:17 18:07:42"/>
          <property name="System/FileSize" value="2981888"/>
        </meta>
      </photo>
    </camera>
    <camera camera_id="80">
      <photo path="../../../DSC00664.JPG">
        <meta>
          <property name="Exif/DateTime" value="2018:01:17 18:07:47"/>
          <property name="Exif/DateTimeOriginal" value="2018:01:17 18:07:47"/>
          <property name="Exif/ExposureTime" value="0.05"/>
          <property name="Exif/FNumber" value="4"/>
          <property name="Exif/FocalLength" value="16"/>
          <property name="Exif/FocalLengthIn35mmFilm" value="24"/>
          <property name="Exif/ISOSpeedRatings" value="1000"/>
          <property name="Exif/Make" value="SONY"/>
          <property name="Exif/Model" value="ILCE-5000"/>
          <property name="Exif/Orientation" value="1"/>
          <property name="Exif/Software" value="ILCE-5000 v1.10"/>
          <property name="File/ImageHeight" value="3632"/>
          <property name="File/ImageWidth" value="5456"/>
          <property name="System/FileModifyDate" value="2018:01:17 18:07:46"/>
          <property name="System/FileSize" value="3047424"/>
        </meta>
      </photo>
    </camera>
  </cameras>
  <thumbnails path="thumbnails/thumbnails.zip"/>
  <point_cloud path="point_cloud/point_cloud.zip"/>
  <dense_cloud path="dense_cloud.1/dense_cloud.zip"/>
  <model path="model/model.zip"/>
</frame>
