<?xml version="1.0" encoding="UTF-8"?>
<point_cloud version="1.2.0">
  <tracks path="tracks.ply" count="49761"/>
  <points path="points.ply" count="43597"/>
  <projections camera_id="0" path="p0.ply" count="1564"/>
  <projections camera_id="1" path="p1.ply" count="1309"/>
  <projections camera_id="2" path="p2.ply" count="681"/>
  <projections camera_id="3" path="p3.ply" count="678"/>
  <projections camera_id="4" path="p4.ply" count="763"/>
  <projections camera_id="5" path="p5.ply" count="1556"/>
  <projections camera_id="6" path="p6.ply" count="1426"/>
  <projections camera_id="7" path="p7.ply" count="2944"/>
  <projections camera_id="8" path="p8.ply" count="2041"/>
  <projections camera_id="9" path="p9.ply" count="1333"/>
  <projections camera_id="10" path="p10.ply" count="1454"/>
  <projections camera_id="11" path="p11.ply" count="4217"/>
  <projections camera_id="12" path="p12.ply" count="3990"/>
  <projections camera_id="13" path="p13.ply" count="599"/>
  <projections camera_id="14" path="p14.ply" count="740"/>
  <projections camera_id="15" path="p15.ply" count="1484"/>
  <projections camera_id="16" path="p16.ply" count="1034"/>
  <projections camera_id="17" path="p17.ply" count="647"/>
  <projections camera_id="18" path="p18.ply" count="1205"/>
  <projections camera_id="19" path="p19.ply" count="242"/>
  <projections camera_id="20" path="p20.ply" count="1594"/>
  <projections camera_id="21" path="p21.ply" count="4965"/>
  <projections camera_id="22" path="p22.ply" count="3984"/>
  <projections camera_id="23" path="p23.ply" count="2548"/>
  <projections camera_id="24" path="p24.ply" count="746"/>
  <projections camera_id="25" path="p25.ply" count="31"/>
  <projections camera_id="26" path="p26.ply" count="296"/>
  <projections camera_id="27" path="p27.ply" count="84"/>
  <projections camera_id="28" path="p28.ply" count="374"/>
  <projections camera_id="29" path="p29.ply" count="182"/>
  <projections camera_id="30" path="p30.ply" count="250"/>
  <projections camera_id="31" path="p31.ply" count="501"/>
  <projections camera_id="32" path="p32.ply" count="326"/>
  <projections camera_id="33" path="p33.ply" count="1522"/>
  <projections camera_id="34" path="p34.ply" count="1064"/>
  <projections camera_id="35" path="p35.ply" count="2299"/>
  <projections camera_id="36" path="p36.ply" count="2088"/>
  <projections camera_id="37" path="p37.ply" count="2315"/>
  <projections camera_id="38" path="p38.ply" count="3160"/>
  <projections camera_id="39" path="p39.ply" count="3021"/>
  <projections camera_id="40" path="p40.ply" count="329"/>
  <projections camera_id="41" path="p41.ply" count="396"/>
  <projections camera_id="42" path="p42.ply" count="601"/>
  <projections camera_id="43" path="p43.ply" count="1593"/>
  <projections camera_id="44" path="p44.ply" count="885"/>
  <projections camera_id="45" path="p45.ply" count="727"/>
  <projections camera_id="46" path="p46.ply" count="907"/>
  <projections camera_id="47" path="p47.ply" count="595"/>
  <projections camera_id="48" path="p48.ply" count="554"/>
  <projections camera_id="49" path="p49.ply" count="629"/>
  <projections camera_id="50" path="p50.ply" count="1496"/>
  <projections camera_id="51" path="p51.ply" count="248"/>
  <projections camera_id="52" path="p52.ply" count="495"/>
  <projections camera_id="53" path="p53.ply" count="644"/>
  <projections camera_id="54" path="p54.ply" count="142"/>
  <projections camera_id="55" path="p55.ply" count="498"/>
  <projections camera_id="56" path="p56.ply" count="294"/>
  <projections camera_id="57" path="p57.ply" count="2947"/>
  <projections camera_id="58" path="p58.ply" count="2878"/>
  <projections camera_id="59" path="p59.ply" count="329"/>
  <projections camera_id="60" path="p60.ply" count="69"/>
  <projections camera_id="61" path="p61.ply" count="18"/>
  <projections camera_id="62" path="p62.ply" count="2754"/>
  <projections camera_id="63" path="p63.ply" count="2635"/>
  <projections camera_id="64" path="p64.ply" count="252"/>
  <projections camera_id="65" path="p65.ply" count="209"/>
  <projections camera_id="66" path="p66.ply" count="186"/>
  <projections camera_id="67" path="p67.ply" count="148"/>
  <projections camera_id="68" path="p68.ply" count="428"/>
  <projections camera_id="69" path="p69.ply" count="691"/>
  <projections camera_id="70" path="p70.ply" count="415"/>
  <projections camera_id="71" path="p71.ply" count="476"/>
  <projections camera_id="72" path="p72.ply" count="709"/>
  <projections camera_id="73" path="p73.ply" count="560"/>
  <projections camera_id="74" path="p74.ply" count="245"/>
  <projections camera_id="75" path="p75.ply" count="788"/>
  <projections camera_id="76" path="p76.ply" count="270"/>
  <projections camera_id="77" path="p77.ply" count="91"/>
  <projections camera_id="78" path="p78.ply" count="201"/>
  <projections camera_id="79" path="p79.ply" count="1120"/>
  <projections camera_id="80" path="p80.ply" count="72"/>
  <projections camera_id="81" path="p81.ply" count="170"/>
  <projections camera_id="82" path="p82.ply" count="167"/>
  <projections camera_id="83" path="p83.ply" count="1314"/>
  <projections camera_id="84" path="p84.ply" count="786"/>
  <projections camera_id="85" path="p85.ply" count="610"/>
  <projections camera_id="86" path="p86.ply" count="90"/>
  <projections camera_id="87" path="p87.ply" count="315"/>
  <projections camera_id="88" path="p88.ply" count="538"/>
  <projections camera_id="89" path="p89.ply" count="94"/>
  <projections camera_id="90" path="p90.ply" count="19"/>
  <projections camera_id="91" path="p91.ply" count="25"/>
  <projections camera_id="93" path="p93.ply" count="43"/>
  <projections camera_id="94" path="p94.ply" count="1158"/>
  <projections camera_id="95" path="p95.ply" count="2991"/>
  <projections camera_id="96" path="p96.ply" count="2984"/>
  <projections camera_id="97" path="p97.ply" count="2055"/>
  <projections camera_id="98" path="p98.ply" count="3271"/>
  <projections camera_id="99" path="p99.ply" count="3849"/>
  <projections camera_id="100" path="p100.ply" count="3919"/>
  <projections camera_id="101" path="p101.ply" count="1220"/>
  <projections camera_id="102" path="p102.ply" count="659"/>
  <projections camera_id="103" path="p103.ply" count="1635"/>
  <projections camera_id="104" path="p104.ply" count="917"/>
  <meta>
    <property name="match/duration" value="267.469"/>
    <property name="match/match_downscale" value="2"/>
    <property name="match/match_filter_mask" value="false"/>
    <property name="match/match_point_limit" value="40000"/>
    <property name="match/match_select_pairs" value="1"/>
    <property name="match/match_tiepoint_limit" value="4000"/>
  </meta>
</point_cloud>
