<?xml version="1.0" encoding="UTF-8"?>
<point_cloud version="1.2.0">
  <tracks path="tracks.ply" count="57795"/>
  <points path="points.ply" count="46580"/>
  <projections camera_id="0" path="p0.ply" count="1617"/>
  <projections camera_id="1" path="p1.ply" count="1753"/>
  <projections camera_id="2" path="p2.ply" count="1207"/>
  <projections camera_id="3" path="p3.ply" count="724"/>
  <projections camera_id="4" path="p4.ply" count="478"/>
  <projections camera_id="5" path="p5.ply" count="552"/>
  <projections camera_id="6" path="p6.ply" count="1180"/>
  <projections camera_id="7" path="p7.ply" count="1214"/>
  <projections camera_id="8" path="p8.ply" count="3715"/>
  <projections camera_id="9" path="p9.ply" count="3982"/>
  <projections camera_id="10" path="p10.ply" count="3984"/>
  <projections camera_id="11" path="p11.ply" count="5479"/>
  <projections camera_id="12" path="p12.ply" count="3980"/>
  <projections camera_id="13" path="p13.ply" count="801"/>
  <projections camera_id="14" path="p14.ply" count="755"/>
  <projections camera_id="15" path="p15.ply" count="512"/>
  <projections camera_id="16" path="p16.ply" count="721"/>
  <projections camera_id="17" path="p17.ply" count="902"/>
  <projections camera_id="18" path="p18.ply" count="1479"/>
  <projections camera_id="19" path="p19.ply" count="3138"/>
  <projections camera_id="20" path="p20.ply" count="4009"/>
  <projections camera_id="21" path="p21.ply" count="1447"/>
  <projections camera_id="22" path="p22.ply" count="2162"/>
  <projections camera_id="23" path="p23.ply" count="1345"/>
  <projections camera_id="24" path="p24.ply" count="1536"/>
  <projections camera_id="25" path="p25.ply" count="687"/>
  <projections camera_id="26" path="p26.ply" count="3190"/>
  <projections camera_id="27" path="p27.ply" count="2197"/>
  <projections camera_id="28" path="p28.ply" count="453"/>
  <projections camera_id="29" path="p29.ply" count="786"/>
  <projections camera_id="30" path="p30.ply" count="1954"/>
  <projections camera_id="31" path="p31.ply" count="1197"/>
  <projections camera_id="32" path="p32.ply" count="1713"/>
  <projections camera_id="33" path="p33.ply" count="1687"/>
  <projections camera_id="34" path="p34.ply" count="804"/>
  <projections camera_id="35" path="p35.ply" count="963"/>
  <projections camera_id="36" path="p36.ply" count="852"/>
  <projections camera_id="37" path="p37.ply" count="834"/>
  <projections camera_id="38" path="p38.ply" count="1028"/>
  <projections camera_id="39" path="p39.ply" count="3320"/>
  <projections camera_id="40" path="p40.ply" count="4478"/>
  <projections camera_id="41" path="p41.ply" count="3924"/>
  <projections camera_id="42" path="p42.ply" count="3492"/>
  <projections camera_id="43" path="p43.ply" count="358"/>
  <projections camera_id="44" path="p44.ply" count="334"/>
  <projections camera_id="45" path="p45.ply" count="511"/>
  <projections camera_id="46" path="p46.ply" count="1369"/>
  <projections camera_id="47" path="p47.ply" count="2579"/>
  <projections camera_id="48" path="p48.ply" count="1688"/>
  <projections camera_id="49" path="p49.ply" count="944"/>
  <projections camera_id="50" path="p50.ply" count="1400"/>
  <projections camera_id="51" path="p51.ply" count="1946"/>
  <projections camera_id="52" path="p52.ply" count="1136"/>
  <projections camera_id="53" path="p53.ply" count="1836"/>
  <projections camera_id="54" path="p54.ply" count="666"/>
  <projections camera_id="55" path="p55.ply" count="804"/>
  <projections camera_id="56" path="p56.ply" count="4222"/>
  <projections camera_id="57" path="p57.ply" count="3878"/>
  <projections camera_id="58" path="p58.ply" count="430"/>
  <projections camera_id="59" path="p59.ply" count="3936"/>
  <projections camera_id="60" path="p60.ply" count="1418"/>
  <projections camera_id="61" path="p61.ply" count="1653"/>
  <projections camera_id="62" path="p62.ply" count="1223"/>
  <projections camera_id="63" path="p63.ply" count="986"/>
  <projections camera_id="64" path="p64.ply" count="1891"/>
  <projections camera_id="65" path="p65.ply" count="822"/>
  <projections camera_id="66" path="p66.ply" count="257"/>
  <projections camera_id="67" path="p67.ply" count="1130"/>
  <projections camera_id="68" path="p68.ply" count="1114"/>
  <projections camera_id="69" path="p69.ply" count="885"/>
  <projections camera_id="70" path="p70.ply" count="872"/>
  <projections camera_id="71" path="p71.ply" count="670"/>
  <projections camera_id="72" path="p72.ply" count="718"/>
  <projections camera_id="73" path="p73.ply" count="588"/>
  <projections camera_id="74" path="p74.ply" count="1511"/>
  <projections camera_id="75" path="p75.ply" count="760"/>
  <projections camera_id="76" path="p76.ply" count="273"/>
  <projections camera_id="77" path="p77.ply" count="376"/>
  <projections camera_id="78" path="p78.ply" count="106"/>
  <projections camera_id="79" path="p79.ply" count="218"/>
  <projections camera_id="80" path="p80.ply" count="205"/>
  <projections camera_id="81" path="p81.ply" count="247"/>
  <projections camera_id="84" path="p84.ply" count="48"/>
  <projections camera_id="85" path="p85.ply" count="48"/>
  <projections camera_id="87" path="p87.ply" count="70"/>
  <projections camera_id="88" path="p88.ply" count="1933"/>
  <projections camera_id="89" path="p89.ply" count="1873"/>
  <projections camera_id="90" path="p90.ply" count="74"/>
  <projections camera_id="91" path="p91.ply" count="31"/>
  <projections camera_id="92" path="p92.ply" count="46"/>
  <projections camera_id="93" path="p93.ply" count="25"/>
  <projections camera_id="94" path="p94.ply" count="163"/>
  <projections camera_id="95" path="p95.ply" count="387"/>
  <projections camera_id="96" path="p96.ply" count="460"/>
  <projections camera_id="97" path="p97.ply" count="1031"/>
  <projections camera_id="98" path="p98.ply" count="528"/>
  <projections camera_id="99" path="p99.ply" count="1839"/>
  <projections camera_id="100" path="p100.ply" count="1765"/>
  <projections camera_id="101" path="p101.ply" count="2000"/>
  <projections camera_id="102" path="p102.ply" count="2005"/>
  <projections camera_id="103" path="p103.ply" count="1046"/>
  <projections camera_id="104" path="p104.ply" count="3442"/>
  <projections camera_id="105" path="p105.ply" count="2700"/>
  <projections camera_id="106" path="p106.ply" count="1506"/>
  <projections camera_id="107" path="p107.ply" count="5034"/>
  <projections camera_id="108" path="p108.ply" count="3910"/>
  <meta>
    <property name="match/duration" value="405.873"/>
    <property name="match/match_downscale" value="2"/>
    <property name="match/match_filter_mask" value="false"/>
    <property name="match/match_point_limit" value="40000"/>
    <property name="match/match_select_pairs" value="1"/>
    <property name="match/match_tiepoint_limit" value="4000"/>
  </meta>
</point_cloud>
